sample_id,label,variety,variety_group,"1,2-anhydro-myo-inositol",1-hexadecanol,2-hydroxyglutaric acid,2-isopropylmalic acid,2-ketoisocaproic acid,"3,6-anhydrogalactose",3-hydroxy-3-methylglutaric acid,4-hydroxyproline,alanine,alpha ketoglutaric acid,arabinose,arabitol,arachidic acid,asparagine,aspartic acid,behenic acid,benzoic acid,beta alanine,butyl stearate,caffeic acid,cellobiose,cis-caffeic acid,citramalate,citric acid,citrulline,conduritol-beta-epoxide,cysteine,dehydroascorbate,erythritol,fructose,fucose,GABA,galactinol,galactonic acid,galactose,galacturonic acid,glucoheptulose,gluconic acid,glucose,glucuronic acid,glutamic acid,glyceric acid,glycerol,glycerol-3-galactoside NIST,glycerol-alpha-phosphate,glycine,guanine,heptadecanoic acid,homoserine,indole-3-lactate,inositol myo-,inulobiose,isocitric acid,isogalactinol,isoleucine,isothreonic acid,lactic acid,Lauric acid,leucine,lysine,lyxitol,malate,maleic acid,maltose,mannitol,melibiose,methionine,N-acetyl-D-hexosamine,N-acetyl-D-mannosamine,nicotianamine,octadecanol,Oleic acid,ornithine,oxoproline,palmitic acid,pelargonic acid,phenylalanine,pipecolic acid,proline,pseudo uridine,putrescine,quinic acid,ribonic acid,ribose,saccharopine,serine,shikimic acid,sophorose,sorbitol,spermidine,Stearic acid,suberyl glycine,succinic acid,talose,tartaric acid,threitol,threonic acid,threonine,trehalose,tryptophan,tyrosine,uracil,urea,uridine,valine,xanthine,xylitol,xylose
421724,"Chardonnay, Carneros, CA 2003 (CH01)",Chardonnay,Chardonnay,10631.0,1321.0,69338.0,4304.0,439.0,1795.0,2071.0,16312.0,256068.0,2493.0,42128.0,6585.0,1143.0,6688.0,31065.0,982.0,2713.0,12388.0,3843.0,1025.0,7362.0,755.0,17145.0,87610.0,5853.0,44368.0,916.0,8841.0,94964.0,232562.0,12032.0,202452.0,975.0,1161.0,165461.0,117550.0,2806.0,4628.0,215477.0,2215.0,10617.0,4037.0,840022.0,7916.0,736.0,71971.0,700.0,1849.0,2826.0,737.0,149148.0,823.0,4611.0,1894.0,25968.0,4003.0,1204298.0,9566.0,78214.0,55030.0,4040.0,128658.0,282983.0,2214.0,183236.0,4227.0,5320.0,10442.0,10150.0,439.0,1077.0,303.0,45854.0,162320.0,8538.0,8403.0,20164.0,14393.0,2611314.0,2201.0,15797.0,2226.0,2263.0,5728.0,580.0,30240.0,40160.0,4271.0,86627.0,1766.0,53357.0,1210.0,872121.0,2530.0,353311.0,8107.0,6085.0,19984.0,2156.0,382.0,27347.0,11203.0,2296.0,179.0,44462.0,989.0,1851.0,33896.0
421728,"Chardonnay, Carneros, CA 2003 (CH01)",Chardonnay,Chardonnay,9158.0,3150.0,67521.0,4100.0,582.0,1988.0,729.0,16115.0,240116.0,1977.0,48592.0,6225.0,1683.0,7667.0,32079.0,1798.0,3188.0,12366.0,2898.0,1100.0,9391.0,710.0,16004.0,86478.0,6666.0,46272.0,1021.0,8879.0,93033.0,248372.0,12509.0,189797.0,1290.0,1619.0,164705.0,122996.0,3127.0,4985.0,212112.0,1365.0,10577.0,3644.0,800864.0,8543.0,792.0,67405.0,752.0,1787.0,2814.0,797.0,183393.0,946.0,4671.0,2386.0,24122.0,4135.0,1131713.0,5390.0,74773.0,52129.0,4403.0,131868.0,273949.0,2293.0,123782.0,5710.0,5931.0,11185.0,10490.0,543.0,962.0,230.0,50504.0,160802.0,8640.0,11287.0,18317.0,12789.0,2813347.0,540.0,17040.0,2161.0,2328.0,5643.0,439.0,28510.0,44062.0,4958.0,82837.0,1838.0,55097.0,905.0,816182.0,2518.0,353337.0,7752.0,6318.0,16270.0,1655.0,560.0,28733.0,5072.0,1930.0,143.0,41716.0,970.0,1852.0,32772.0
421732,"Chardonnay, Carneros, CA 2003 (CH01)",Chardonnay,Chardonnay,12347.0,875.0,59946.0,3744.0,438.0,1617.0,1575.0,14230.0,259905.0,1925.0,47900.0,6721.0,1191.0,7775.0,26284.0,1333.0,3202.0,10862.0,1266.0,892.0,8418.0,352.0,14809.0,84910.0,4552.0,45320.0,3214.0,8462.0,90579.0,287407.0,11964.0,185307.0,1063.0,2679.0,26999.0,118605.0,2570.0,4347.0,226711.0,2122.0,11723.0,3325.0,576924.0,8331.0,1121.0,68092.0,576.0,1673.0,2337.0,500.0,192184.0,889.0,4311.0,2281.0,23566.0,3591.0,1301183.0,5218.0,76093.0,48182.0,3845.0,129363.0,279758.0,2156.0,160735.0,5314.0,5369.0,11847.0,10281.0,388.0,319.0,132.0,38712.0,141644.0,5200.0,8086.0,17476.0,12052.0,2879867.0,1498.0,15723.0,2269.0,2188.0,5657.0,288.0,25274.0,41156.0,4350.0,95176.0,1796.0,34858.0,859.0,904666.0,2332.0,338063.0,7342.0,5555.0,16857.0,1372.0,360.0,24974.0,6567.0,3435.0,142.0,42632.0,826.0,1902.0,34121.0
421736,"Chardonnay, Carneros, CA 2003 (CH01)",Chardonnay,Chardonnay,9941.0,3795.0,61457.0,4257.0,568.0,2192.0,2042.0,15688.0,240843.0,2306.0,50095.0,6509.0,1455.0,7924.0,28936.0,1409.0,3200.0,11249.0,3184.0,1454.0,12037.0,568.0,15216.0,90037.0,5434.0,49436.0,3012.0,9603.0,84173.0,267640.0,12546.0,186900.0,1815.0,1403.0,25195.0,123320.0,3662.0,5121.0,216924.0,1199.0,11033.0,3136.0,962652.0,9588.0,1356.0,63917.0,756.0,2116.0,3129.0,696.0,185604.0,1195.0,4770.0,3631.0,23147.0,3480.0,1114496.0,6881.0,73343.0,52378.0,4044.0,126128.0,260908.0,3918.0,140459.0,506.0,5502.0,13264.0,11431.0,617.0,1297.0,368.0,51628.0,151720.0,9737.0,11179.0,16739.0,14211.0,2779480.0,2586.0,16031.0,2258.0,2395.0,5431.0,786.0,28831.0,41234.0,7106.0,93533.0,2120.0,58994.0,1001.0,815645.0,2093.0,338324.0,7127.0,5488.0,18254.0,2233.0,704.0,29153.0,4538.0,2527.0,254.0,41355.0,1021.0,1934.0,31187.0
421740,"Chardonnay, Carneros, CA 2003 (CH01)",Chardonnay,Chardonnay,11059.0,1606.0,66112.0,4456.0,426.0,1836.0,745.0,15872.0,260934.0,2281.0,42258.0,7809.0,1092.0,7716.0,29015.0,1799.0,2683.0,10995.0,1023.0,1196.0,11219.0,618.0,15004.0,95684.0,5209.0,50110.0,2294.0,9851.0,97394.0,305726.0,12681.0,192158.0,1633.0,1515.0,26292.0,137151.0,3324.0,4797.0,256725.0,2805.0,11587.0,2362.0,334959.0,9639.0,589.0,63283.0,693.0,2271.0,2828.0,678.0,202650.0,738.0,4621.0,3020.0,22477.0,4132.0,1370759.0,5508.0,74807.0,56064.0,4437.0,109649.0,290837.0,2703.0,165850.0,7126.0,5362.0,14017.0,12082.0,556.0,764.0,268.0,54190.0,158770.0,8095.0,8244.0,18990.0,12189.0,2839947.0,2635.0,17548.0,2354.0,2322.0,6063.0,1052.0,23575.0,43601.0,6442.0,97066.0,2068.0,54102.0,948.0,878421.0,2534.0,314246.0,7487.0,6268.0,18741.0,1751.0,419.0,29747.0,4652.0,2257.0,185.0,41284.0,1065.0,2158.0,34102.0
421744,"Chardonnay, Carneros, CA 2003 (CH01)",Chardonnay,Chardonnay,11585.0,1856.0,67257.0,4635.0,580.0,2294.0,1549.0,15890.0,247404.0,2411.0,54585.0,7774.0,1755.0,8831.0,30670.0,2655.0,2596.0,12023.0,5217.0,1239.0,13937.0,836.0,17235.0,103755.0,5697.0,56952.0,177.0,10292.0,92397.0,259527.0,14146.0,199703.0,1837.0,1630.0,27115.0,134237.0,3907.0,5344.0,268825.0,2840.0,12123.0,2983.0,612612.0,10178.0,1661.0,69327.0,832.0,2361.0,2652.0,725.0,188884.0,787.0,5079.0,3542.0,24888.0,4013.0,1142429.0,21185.0,74548.0,58028.0,4347.0,131937.0,265860.0,3273.0,170919.0,7377.0,5924.0,12074.0,12948.0,518.0,1084.0,389.0,46734.0,163485.0,9175.0,7629.0,20678.0,14101.0,2686552.0,3551.0,17124.0,2448.0,2627.0,6417.0,782.0,31120.0,48129.0,6984.0,90524.0,2244.0,62617.0,1461.0,898714.0,2613.0,366072.0,8251.0,6147.0,18011.0,2377.0,567.0,31295.0,8989.0,2763.0,214.0,43756.0,1027.0,1843.0,33939.0
421749,"Chardonnay, Carneros, CA 2003 (CH02)",Chardonnay,Chardonnay,10976.0,2347.0,60278.0,3910.0,649.0,1373.0,1941.0,16294.0,331021.0,1355.0,38806.0,7051.0,1248.0,8413.0,39301.0,2303.0,2657.0,12928.0,1160.0,918.0,14514.0,450.0,15150.0,75787.0,7496.0,51011.0,1197.0,8725.0,84572.0,126479.0,13568.0,258944.0,2124.0,1445.0,23886.0,112189.0,3743.0,7712.0,57438.0,2296.0,12951.0,2685.0,685048.0,8909.0,1559.0,92840.0,2169.0,2383.0,2380.0,869.0,202154.0,1295.0,4956.0,3311.0,32488.0,3370.0,1413909.0,15315.0,103886.0,74855.0,4569.0,58754.0,289342.0,3435.0,212233.0,8262.0,7543.0,13811.0,11525.0,532.0,869.0,168.0,83274.0,163176.0,8701.0,6506.0,25178.0,9333.0,2917441.0,2837.0,22853.0,1924.0,2545.0,5830.0,337.0,31306.0,37396.0,7814.0,84450.0,3130.0,43740.0,1082.0,797738.0,2646.0,429009.0,7704.0,4985.0,23015.0,1888.0,114.0,32545.0,7478.0,4779.0,204.0,53665.0,874.0,2348.0,29169.0
421753,"Chardonnay, Carneros, CA 2003 (CH02)",Chardonnay,Chardonnay,11663.0,2165.0,70875.0,4858.0,600.0,1618.0,2321.0,21089.0,335072.0,1840.0,39679.0,8117.0,1146.0,8792.0,47976.0,1557.0,3883.0,16110.0,781.0,1296.0,8653.0,651.0,18724.0,86889.0,8455.0,50545.0,896.0,9905.0,97783.0,129328.0,13931.0,311885.0,1029.0,1735.0,22978.0,122044.0,3201.0,8107.0,60808.0,2341.0,14465.0,4175.0,852093.0,7577.0,1616.0,107706.0,2128.0,1729.0,3766.0,714.0,160777.0,832.0,5274.0,1820.0,41667.0,3896.0,1246955.0,3358.0,124414.0,80086.0,4988.0,72556.0,296879.0,795.0,214325.0,4043.0,9041.0,13350.0,11069.0,505.0,1048.0,185.0,87681.0,197420.0,8605.0,11404.0,31108.0,13804.0,2688248.0,2963.0,24958.0,1776.0,2880.0,7271.0,473.0,42616.0,41669.0,4004.0,71148.0,2974.0,36739.0,1429.0,809822.0,2310.0,395868.0,9583.0,5951.0,28288.0,1293.0,120.0,39914.0,5532.0,4673.0,493.0,66580.0,1100.0,2382.0,34342.0
421757,"Chardonnay, Carneros, CA 2003 (CH02)",Chardonnay,Chardonnay,12424.0,2027.0,70915.0,4638.0,503.0,1369.0,2382.0,20867.0,311693.0,1875.0,39018.0,8249.0,1560.0,9997.0,49049.0,1419.0,4080.0,15945.0,1151.0,1002.0,15916.0,593.0,18163.0,89548.0,9348.0,58986.0,1421.0,10030.0,98086.0,138320.0,15290.0,300584.0,2295.0,1935.0,25864.0,133631.0,4528.0,9525.0,64262.0,631.0,15277.0,5434.0,570853.0,10446.0,1259.0,102475.0,2575.0,2204.0,3480.0,1045.0,188115.0,842.0,5953.0,4184.0,36506.0,3783.0,1226849.0,5165.0,118494.0,92660.0,5660.0,69892.0,276424.0,3717.0,221264.0,2348.0,8691.0,15536.0,13789.0,775.0,796.0,122.0,104854.0,165455.0,7277.0,10843.0,32382.0,12928.0,2784782.0,3729.0,25882.0,2137.0,3138.0,6896.0,783.0,34376.0,45251.0,9080.0,76706.0,3818.0,47623.0,1248.0,897985.0,2109.0,456464.0,8662.0,5900.0,24993.0,1792.0,193.0,41435.0,6593.0,3901.0,597.0,60367.0,1408.0,2456.0,34851.0
421761,"Chardonnay, Carneros, CA 2003 (CH02)",Chardonnay,Chardonnay,13364.0,1964.0,70742.0,4708.0,206.0,1572.0,2271.0,18519.0,312192.0,2031.0,39512.0,8671.0,1581.0,9097.0,47837.0,1676.0,4145.0,16301.0,1125.0,1070.0,15512.0,601.0,18867.0,95085.0,9281.0,58173.0,273.0,10910.0,90326.0,142748.0,15031.0,308254.0,2377.0,1978.0,27353.0,138261.0,4337.0,8902.0,65583.0,10610.0,15339.0,4024.0,555234.0,10344.0,1469.0,108599.0,2509.0,2360.0,3463.0,999.0,190433.0,622.0,5680.0,4288.0,38508.0,3826.0,1218225.0,1374.0,119710.0,91113.0,5039.0,76388.0,283171.0,3924.0,148109.0,2929.0,9340.0,14653.0,13059.0,746.0,794.0,133.0,99375.0,183521.0,6560.0,7789.0,30018.0,12551.0,2816460.0,849.0,26285.0,1662.0,3211.0,6471.0,866.0,40847.0,45625.0,8447.0,74727.0,4255.0,41448.0,1435.0,925511.0,2525.0,451948.0,8949.0,5732.0,28358.0,1896.0,210.0,45560.0,5111.0,3663.0,590.0,61252.0,1385.0,2458.0,32045.0
421765,"Chardonnay, Carneros, CA 2003 (CH02)",Chardonnay,Chardonnay,11889.0,3343.0,73578.0,4824.0,615.0,1451.0,2477.0,22440.0,317662.0,2048.0,41703.0,8490.0,1623.0,9202.0,48268.0,2116.0,4078.0,15999.0,1284.0,1053.0,14893.0,620.0,18822.0,89167.0,9753.0,55361.0,1564.0,10128.0,95391.0,138091.0,14610.0,316294.0,2111.0,1833.0,25593.0,132222.0,4065.0,9151.0,64618.0,2437.0,14800.0,9609.0,463856.0,10624.0,1390.0,105797.0,2295.0,2157.0,3372.0,872.0,197885.0,863.0,5526.0,2005.0,38915.0,3899.0,1256408.0,6265.0,120921.0,89161.0,5291.0,74043.0,291126.0,2937.0,168623.0,8043.0,9765.0,15921.0,12651.0,714.0,1055.0,202.0,108549.0,199091.0,7412.0,8289.0,31129.0,13420.0,2966462.0,1022.0,25602.0,2067.0,3204.0,7116.0,884.0,36599.0,46151.0,7770.0,78495.0,3634.0,42745.0,1312.0,768527.0,3034.0,466662.0,9423.0,5605.0,22530.0,1865.0,151.0,40720.0,6378.0,3610.0,408.0,60910.0,1218.0,2541.0,33842.0
421769,"Chardonnay, Carneros, CA 2003 (CH02)",Chardonnay,Chardonnay,12568.0,2195.0,69558.0,4462.0,599.0,1486.0,2092.0,18347.0,360054.0,1739.0,38438.0,8651.0,1367.0,9753.0,45366.0,1864.0,3278.0,14490.0,2006.0,1022.0,15322.0,563.0,16965.0,87562.0,7797.0,56627.0,243.0,9157.0,95667.0,141477.0,13966.0,298330.0,1939.0,7610.0,25366.0,133139.0,3983.0,8468.0,66060.0,2749.0,15329.0,4131.0,512929.0,9703.0,1952.0,108217.0,2138.0,2101.0,2936.0,824.0,207120.0,907.0,5279.0,3699.0,37750.0,3964.0,1402173.0,17505.0,124803.0,94668.0,5108.0,63046.0,314756.0,3498.0,223557.0,7657.0,8515.0,16133.0,12543.0,591.0,1061.0,143.0,71313.0,181068.0,5977.0,8521.0,29971.0,13186.0,2685862.0,2710.0,26755.0,2357.0,2952.0,7079.0,548.0,37989.0,39795.0,8521.0,82941.0,3630.0,36357.0,1000.0,850442.0,2126.0,402657.0,8780.0,5820.0,23317.0,1830.0,195.0,40199.0,6109.0,4689.0,325.0,62148.0,1222.0,2769.0,33855.0
421774,"Chardonnay, Carneros, CA 2004",Chardonnay,Chardonnay,8697.0,1887.0,74761.0,3144.0,373.0,2582.0,2018.0,16352.0,129322.0,1959.0,25025.0,4977.0,1378.0,5541.0,17702.0,2729.0,4351.0,10789.0,3081.0,1924.0,26303.0,903.0,23621.0,28435.0,1563.0,37082.0,1839.0,14570.0,123487.0,409448.0,10264.0,53720.0,1571.0,1010.0,14575.0,80791.0,2936.0,708.0,290625.0,816.0,6605.0,1607.0,797806.0,11374.0,902.0,44025.0,172.0,2349.0,1901.0,992.0,184736.0,1179.0,2722.0,3110.0,15391.0,3452.0,1036841.0,2896.0,58151.0,41251.0,3610.0,40912.0,291765.0,9446.0,333335.0,466.0,4230.0,9458.0,10371.0,508.0,933.0,303.0,15064.0,75960.0,8720.0,12802.0,13098.0,5987.0,2902041.0,2262.0,13124.0,2159.0,1379.0,4355.0,432.0,14908.0,34059.0,8377.0,102247.0,1040.0,63650.0,793.0,1056205.0,2076.0,291781.0,7495.0,4651.0,10613.0,15582.0,1454.0,19381.0,6221.0,1464.0,107.0,26460.0,739.0,1524.0,26010.0
421778,"Chardonnay, Carneros, CA 2004",Chardonnay,Chardonnay,9724.0,925.0,74915.0,3299.0,534.0,2696.0,1147.0,16222.0,128708.0,2241.0,24268.0,4522.0,1369.0,6078.0,17439.0,1183.0,2720.0,12660.0,2315.0,2592.0,26788.0,1343.0,25558.0,27466.0,1250.0,36179.0,2263.0,12895.0,126771.0,415308.0,10167.0,56504.0,1552.0,1052.0,14683.0,85275.0,2801.0,789.0,285728.0,1741.0,6207.0,3247.0,1115267.0,10508.0,1785.0,50225.0,222.0,1658.0,1894.0,933.0,171024.0,1096.0,2863.0,3116.0,16852.0,3472.0,975596.0,10272.0,56285.0,40751.0,4553.0,43495.0,267275.0,8958.0,308410.0,320.0,4156.0,11523.0,10378.0,393.0,241.0,124.0,10264.0,73522.0,3951.0,7383.0,13091.0,5217.0,2691309.0,1925.0,17164.0,2142.0,1405.0,4671.0,382.0,18620.0,33628.0,8150.0,92257.0,1002.0,31304.0,742.0,1070687.0,1859.0,318493.0,8007.0,4719.0,10918.0,16329.0,1453.0,18489.0,5139.0,3112.0,124.0,30511.0,648.0,1400.0,24351.0
421782,"Chardonnay, Carneros, CA 2004",Chardonnay,Chardonnay,9880.0,1077.0,87113.0,3712.0,384.0,3126.0,1505.0,16838.0,119177.0,3320.0,29820.0,5773.0,1276.0,7457.0,21700.0,2495.0,4922.0,14387.0,4342.0,2449.0,34448.0,1901.0,29873.0,35949.0,1598.0,46072.0,796.0,16203.0,146237.0,360790.0,12189.0,63851.0,1934.0,1048.0,231177.0,97423.0,2976.0,1125.0,285854.0,6144.0,7197.0,2860.0,582608.0,14290.0,2371.0,56056.0,285.0,2572.0,2213.0,1196.0,188888.0,989.0,3752.0,3910.0,19195.0,4135.0,816995.0,11743.0,61676.0,47298.0,5523.0,49332.0,251472.0,11205.0,378710.0,1397.0,4846.0,13158.0,13276.0,488.0,447.0,188.0,11478.0,97633.0,11049.0,38768.0,14706.0,5768.0,2642879.0,3446.0,20150.0,2575.0,2042.0,5160.0,556.0,23217.0,44107.0,10119.0,102896.0,1287.0,100638.0,1260.0,1198601.0,2764.0,380277.0,9979.0,5536.0,12886.0,20416.0,2049.0,24635.0,12868.0,3128.0,202.0,33914.0,1032.0,1467.0,28737.0
421786,"Chardonnay, Carneros, CA 2004",Chardonnay,Chardonnay,9541.0,2244.0,93519.0,3866.0,484.0,3251.0,2594.0,14069.0,115566.0,3522.0,31345.0,6810.0,1723.0,6455.0,21564.0,2915.0,4727.0,15115.0,4249.0,2256.0,37094.0,1912.0,32802.0,37936.0,1560.0,45644.0,113.0,18176.0,127092.0,327196.0,12476.0,68078.0,2171.0,1359.0,156131.0,99713.0,4650.0,1195.0,297550.0,998.0,8288.0,2908.0,457934.0,14801.0,1213.0,57957.0,286.0,2622.0,2847.0,1484.0,197748.0,1365.0,4020.0,4680.0,18710.0,4481.0,845998.0,12728.0,68405.0,50609.0,4387.0,56125.0,269709.0,11777.0,400277.0,8763.0,5347.0,13624.0,14732.0,373.0,852.0,218.0,17058.0,107859.0,12115.0,40699.0,17463.0,7371.0,2714324.0,3301.0,15266.0,2985.0,1827.0,6224.0,769.0,16831.0,44842.0,12351.0,105903.0,1290.0,72100.0,975.0,1213052.0,2301.0,393158.0,9875.0,6154.0,14637.0,20563.0,1952.0,28403.0,5675.0,1830.0,140.0,32012.0,1130.0,1908.0,29615.0
421790,"Chardonnay, Carneros, CA 2004",Chardonnay,Chardonnay,8927.0,1740.0,76314.0,3263.0,339.0,2625.0,399.0,18001.0,141241.0,2246.0,26185.0,4814.0,1240.0,4930.0,18662.0,1909.0,2721.0,12710.0,1438.0,1937.0,21016.0,926.0,26681.0,28070.0,1678.0,37325.0,3393.0,13406.0,133960.0,400229.0,9003.0,60366.0,1052.0,1165.0,34425.0,89645.0,2873.0,839.0,282479.0,2069.0,6264.0,2204.0,886792.0,9993.0,1027.0,53732.0,281.0,1992.0,2176.0,918.0,185546.0,908.0,2836.0,2121.0,17425.0,3871.0,1097553.0,8025.0,65804.0,41648.0,4042.0,45517.0,302836.0,6807.0,331818.0,5154.0,4711.0,11492.0,9915.0,437.0,868.0,378.0,14303.0,78421.0,9506.0,8103.0,14571.0,6406.0,2521866.0,1306.0,12615.0,2524.0,1708.0,5201.0,476.0,16454.0,33522.0,6112.0,94507.0,1004.0,53336.0,609.0,1147914.0,2345.0,349395.0,8206.0,4767.0,14947.0,11248.0,1597.0,19592.0,6929.0,1373.0,110.0,29284.0,731.0,1391.0,25274.0
421794,"Chardonnay, Carneros, CA 2004",Chardonnay,Chardonnay,7518.0,995.0,66876.0,3200.0,461.0,1943.0,1840.0,14582.0,120373.0,1825.0,23507.0,3718.0,1072.0,5101.0,16858.0,1724.0,3920.0,11377.0,2461.0,1671.0,19900.0,752.0,23794.0,25631.0,1591.0,36277.0,2345.0,11665.0,111728.0,400359.0,8719.0,49309.0,910.0,979.0,78915.0,74191.0,2066.0,725.0,254068.0,1888.0,6570.0,2077.0,1263344.0,10594.0,602.0,41511.0,260.0,2153.0,1797.0,894.0,180776.0,937.0,2744.0,1998.0,13934.0,3658.0,965885.0,3084.0,52123.0,38060.0,3781.0,40214.0,271059.0,6710.0,310075.0,4853.0,3977.0,10658.0,9468.0,451.0,533.0,152.0,12495.0,66630.0,5804.0,11205.0,11705.0,5611.0,2789080.0,1887.0,12212.0,2082.0,1536.0,4501.0,342.0,14938.0,31224.0,5210.0,87264.0,991.0,42358.0,726.0,979306.0,1699.0,314745.0,6973.0,4293.0,10635.0,11837.0,1390.0,18542.0,4725.0,1403.0,119.0,24920.0,631.0,1405.0,21623.0
421799,"Chardonnay, Monterey, CA 2003",Chardonnay,Chardonnay,8539.0,1641.0,61095.0,5915.0,491.0,760.0,1587.0,22235.0,397380.0,2644.0,34938.0,5208.0,1133.0,7406.0,50279.0,1483.0,4091.0,17443.0,3737.0,1563.0,1366.0,1438.0,9846.0,92113.0,13988.0,36262.0,961.0,7331.0,59514.0,54018.0,10192.0,336497.0,535.0,1002.0,16126.0,70204.0,2192.0,2575.0,182031.0,3134.0,13650.0,2991.0,2276029.0,4030.0,1316.0,79343.0,505.0,1740.0,4524.0,1983.0,132387.0,734.0,4323.0,1471.0,17827.0,3131.0,124823.0,5264.0,61911.0,42522.0,3006.0,293437.0,281499.0,1101.0,136673.0,1589.0,2213.0,8563.0,8874.0,302.0,1041.0,206.0,80607.0,451632.0,8102.0,16466.0,15198.0,7847.0,2548947.0,1703.0,14746.0,2184.0,1721.0,4479.0,713.0,39692.0,47312.0,2002.0,59730.0,1040.0,41663.0,882.0,651008.0,2020.0,304469.0,6818.0,4672.0,21390.0,415.0,1421.0,40930.0,18975.0,4794.0,281.0,42170.0,348.0,2793.0,14014.0
421803,"Chardonnay, Monterey, CA 2003",Chardonnay,Chardonnay,9320.0,3497.0,71016.0,6169.0,609.0,663.0,2398.0,21651.0,480591.0,2744.0,38424.0,6083.0,1392.0,16663.0,59257.0,2266.0,2884.0,19517.0,2247.0,2295.0,2875.0,1960.0,11615.0,122961.0,14631.0,48440.0,2170.0,9036.0,64049.0,67215.0,9647.0,394206.0,1284.0,1396.0,16906.0,100490.0,3119.0,3453.0,222092.0,1731.0,18106.0,1445.0,638088.0,6475.0,2293.0,88564.0,809.0,813.0,4233.0,2906.0,181343.0,938.0,5268.0,3279.0,19802.0,3145.0,144456.0,15951.0,71699.0,52453.0,3876.0,349345.0,346242.0,1811.0,99926.0,3622.0,5315.0,9687.0,11712.0,525.0,942.0,280.0,140269.0,506652.0,8815.0,8921.0,17995.0,9311.0,3271704.0,2438.0,16757.0,2220.0,1851.0,4899.0,798.0,44146.0,59370.0,4431.0,73473.0,1514.0,52062.0,2394.0,690693.0,4738.0,337047.0,8185.0,5115.0,23916.0,1704.0,1683.0,50177.0,8115.0,4261.0,197.0,46281.0,403.0,2639.0,16765.0
421807,"Chardonnay, Monterey, CA 2003",Chardonnay,Chardonnay,9788.0,2885.0,67203.0,6312.0,463.0,895.0,1915.0,16640.0,446916.0,2847.0,37598.0,6150.0,1248.0,14417.0,54571.0,1614.0,3273.0,18486.0,3127.0,2163.0,2720.0,1865.0,11517.0,122311.0,20348.0,47048.0,85.0,8734.0,71527.0,68659.0,10644.0,384763.0,1308.0,1318.0,14548.0,105555.0,3645.0,3596.0,228401.0,2096.0,15653.0,4668.0,691649.0,6186.0,2177.0,88644.0,668.0,2209.0,4614.0,2723.0,171009.0,1065.0,5297.0,3878.0,18758.0,3088.0,126051.0,5210.0,67072.0,54523.0,3553.0,347679.0,330598.0,1783.0,107380.0,3988.0,4914.0,13256.0,11649.0,480.0,1284.0,203.0,97568.0,506502.0,8543.0,7599.0,19003.0,9394.0,3321343.0,646.0,16159.0,2257.0,1946.0,4878.0,719.0,39807.0,57203.0,4494.0,73738.0,1243.0,53226.0,1533.0,746724.0,2240.0,340228.0,7404.0,4966.0,20172.0,1568.0,1681.0,51917.0,2621.0,3946.0,214.0,45758.0,570.0,2806.0,15252.0
421811,"Chardonnay, Monterey, CA 2003",Chardonnay,Chardonnay,10602.0,1047.0,79029.0,7484.0,602.0,1013.0,1725.0,29104.0,497994.0,3489.0,41197.0,6666.0,1247.0,12153.0,62392.0,2324.0,4474.0,21889.0,835.0,3878.0,2274.0,2892.0,13266.0,138457.0,16889.0,49809.0,1221.0,9567.0,67584.0,72898.0,14157.0,435939.0,909.0,1211.0,23941.0,100871.0,3368.0,3471.0,256995.0,2142.0,18385.0,5347.0,526041.0,6160.0,2607.0,100086.0,796.0,1565.0,4910.0,2821.0,163793.0,897.0,5800.0,2610.0,22316.0,3793.0,145898.0,16433.0,74995.0,54950.0,4491.0,367509.0,357670.0,1740.0,96059.0,2680.0,2494.0,9239.0,12895.0,414.0,633.0,140.0,107220.0,603146.0,4621.0,8510.0,14977.0,10735.0,2930969.0,563.0,19485.0,2502.0,2182.0,5367.0,865.0,53251.0,61178.0,3196.0,78760.0,1180.0,33248.0,1153.0,823222.0,2598.0,371792.0,9204.0,5855.0,24762.0,903.0,1548.0,53905.0,24090.0,2252.0,353.0,57837.0,641.0,2324.0,19042.0
421815,"Chardonnay, Monterey, CA 2003",Chardonnay,Chardonnay,9166.0,3357.0,72039.0,6771.0,626.0,742.0,2240.0,19334.0,478120.0,3110.0,28582.0,6381.0,1428.0,17227.0,61443.0,1776.0,2661.0,19284.0,2591.0,1746.0,1801.0,2028.0,12077.0,125874.0,16154.0,47279.0,2100.0,9046.0,69878.0,69170.0,9907.0,394319.0,748.0,1349.0,16816.0,101930.0,2699.0,3613.0,223003.0,1682.0,18569.0,2720.0,794373.0,5636.0,1249.0,91473.0,683.0,2271.0,4613.0,2512.0,175678.0,511.0,5871.0,2047.0,19466.0,3391.0,132021.0,3249.0,71322.0,53261.0,3471.0,318578.0,343972.0,1578.0,112193.0,2299.0,5365.0,10287.0,12058.0,461.0,771.0,217.0,139812.0,541553.0,9056.0,4592.0,18698.0,9356.0,3061465.0,390.0,17024.0,2396.0,2024.0,5331.0,777.0,43945.0,58496.0,3186.0,68769.0,1132.0,50163.0,2497.0,760646.0,3877.0,353899.0,5232.0,5280.0,19235.0,598.0,1757.0,50184.0,8799.0,4173.0,202.0,46859.0,497.0,2878.0,15051.0
421819,"Chardonnay, Monterey, CA 2003",Chardonnay,Chardonnay,7901.0,2022.0,57029.0,5334.0,378.0,745.0,1678.0,17986.0,469770.0,2145.0,32463.0,5237.0,971.0,14739.0,48730.0,1581.0,2636.0,15068.0,1417.0,1986.0,1821.0,1095.0,9375.0,111466.0,13374.0,44697.0,851.0,7728.0,59866.0,62030.0,8627.0,323993.0,1053.0,1167.0,15751.0,104243.0,3071.0,3161.0,210785.0,1713.0,15065.0,2343.0,1248700.0,5442.0,1641.0,71630.0,566.0,2113.0,3521.0,2713.0,173304.0,810.0,4474.0,3396.0,14821.0,2897.0,142742.0,13527.0,59662.0,46366.0,3261.0,322119.0,334345.0,1690.0,108213.0,2744.0,4287.0,10044.0,10864.0,445.0,855.0,168.0,123212.0,411912.0,8496.0,6378.0,15432.0,7272.0,3260962.0,2889.0,14934.0,2109.0,1675.0,4376.0,694.0,31256.0,48925.0,3867.0,75020.0,1294.0,51839.0,2022.0,609492.0,2329.0,316328.0,6283.0,4442.0,16694.0,1432.0,1902.0,43085.0,4800.0,3440.0,76.0,36613.0,365.0,2634.0,14337.0
421824,"Chardonnay, Napa, CA 2003",Chardonnay,Chardonnay,9419.0,1328.0,40510.0,3178.0,414.0,1570.0,919.0,11001.0,186493.0,1100.0,35726.0,4323.0,1511.0,11961.0,28474.0,1989.0,3140.0,12017.0,1247.0,2578.0,12102.0,1100.0,20237.0,38030.0,1228.0,45101.0,2074.0,8378.0,56198.0,109086.0,12327.0,228642.0,1877.0,986.0,13963.0,103333.0,2658.0,574.0,255118.0,1703.0,10482.0,3089.0,951606.0,8992.0,438.0,77469.0,1260.0,2413.0,3868.0,720.0,235893.0,2074.0,3518.0,4444.0,32348.0,2937.0,1682812.0,14007.0,105278.0,64444.0,2839.0,15874.0,235018.0,2892.0,504908.0,10226.0,6247.0,11387.0,12236.0,561.0,808.0,95.0,9837.0,133393.0,12827.0,8706.0,22591.0,7472.0,2279543.0,3068.0,10360.0,5311.0,2129.0,6578.0,419.0,19702.0,43757.0,6117.0,73392.0,1503.0,73820.0,914.0,667532.0,2215.0,458379.0,7142.0,5731.0,14176.0,1989.0,2660.0,36842.0,9504.0,1546.0,29.0,53505.0,454.0,1900.0,30192.0
421828,"Chardonnay, Napa, CA 2003",Chardonnay,Chardonnay,9927.0,1254.0,43173.0,2881.0,677.0,1044.0,1950.0,9688.0,203756.0,1187.0,30549.0,4439.0,1696.0,2084.0,28906.0,2449.0,3846.0,12345.0,1319.0,2486.0,10563.0,1040.0,21865.0,37859.0,1252.0,45440.0,125.0,8756.0,63717.0,121794.0,14733.0,241849.0,1603.0,862.0,18226.0,106554.0,3742.0,561.0,280197.0,1794.0,10819.0,2602.0,1125374.0,8984.0,1526.0,81630.0,1458.0,2461.0,3787.0,960.0,256261.0,1623.0,3857.0,4453.0,32874.0,3097.0,1980790.0,7337.0,100339.0,66258.0,2989.0,16796.0,204008.0,3254.0,571575.0,8703.0,6328.0,10981.0,13788.0,437.0,682.0,262.0,10537.0,146025.0,8031.0,10395.0,22827.0,7224.0,1612217.0,2556.0,11156.0,5544.0,2575.0,6196.0,565.0,21018.0,51480.0,5430.0,73513.0,1641.0,58742.0,1123.0,638995.0,2047.0,492249.0,7120.0,5899.0,18092.0,2053.0,2217.0,39196.0,7076.0,3209.0,173.0,55355.0,550.0,1913.0,30652.0
421832,"Chardonnay, Napa, CA 2003",Chardonnay,Chardonnay,9378.0,1326.0,46142.0,3254.0,790.0,1647.0,2547.0,12430.0,185469.0,2028.0,37023.0,5718.0,2022.0,11586.0,35355.0,3147.0,8676.0,12162.0,11179.0,2166.0,9934.0,1319.0,24008.0,43062.0,1642.0,44687.0,776.0,8859.0,54858.0,119615.0,13958.0,225921.0,1816.0,1105.0,14603.0,109625.0,4013.0,811.0,251501.0,2035.0,10495.0,2562.0,877710.0,9739.0,999.0,79242.0,1604.0,2408.0,5288.0,1116.0,216208.0,1474.0,4211.0,3964.0,35678.0,3290.0,1399231.0,5013.0,114135.0,71592.0,2766.0,17970.0,241001.0,3264.0,490251.0,7916.0,7530.0,12147.0,13038.0,416.0,903.0,589.0,17112.0,159908.0,9312.0,15557.0,25836.0,6678.0,2423176.0,3076.0,11464.0,5746.0,2613.0,6883.0,630.0,26774.0,48075.0,5984.0,59471.0,1876.0,65393.0,1014.0,777718.0,2482.0,483561.0,7453.0,6695.0,18126.0,1969.0,2820.0,40806.0,12655.0,1549.0,318.0,56206.0,524.0,2078.0,31353.0
421836,"Chardonnay, Napa, CA 2003",Chardonnay,Chardonnay,11741.0,1345.0,55621.0,3807.0,574.0,1644.0,1930.0,11539.0,186988.0,1277.0,41911.0,4621.0,2363.0,10522.0,34377.0,3144.0,4998.0,14414.0,11703.0,2561.0,15398.0,2026.0,25760.0,50415.0,1787.0,49632.0,739.0,10012.0,68680.0,120409.0,14739.0,253155.0,2521.0,1344.0,16310.0,122069.0,4163.0,791.0,274325.0,11514.0,9804.0,1712.0,719328.0,11445.0,938.0,90754.0,1672.0,2377.0,4576.0,922.0,228170.0,1932.0,5145.0,5712.0,37618.0,3708.0,1542740.0,11016.0,116278.0,80386.0,3439.0,19353.0,223483.0,4518.0,524472.0,10667.0,7058.0,14305.0,16023.0,769.0,944.0,420.0,9076.0,185631.0,12184.0,15113.0,26423.0,8242.0,2116922.0,980.0,12579.0,5947.0,3009.0,7371.0,449.0,25415.0,53082.0,7013.0,78180.0,1791.0,88651.0,1766.0,725396.0,2289.0,519405.0,8133.0,7346.0,20280.0,2461.0,3100.0,45993.0,17084.0,1611.0,358.0,59160.0,755.0,2306.0,35049.0
421840,"Chardonnay, Napa, CA 2003",Chardonnay,Chardonnay,6150.0,1570.0,49772.0,3318.0,515.0,1428.0,1596.0,11694.0,169315.0,1882.0,40454.0,4582.0,2139.0,11406.0,36674.0,1931.0,4224.0,13523.0,10111.0,2494.0,12367.0,1652.0,25466.0,42852.0,1518.0,44390.0,443.0,9384.0,71035.0,107349.0,14930.0,251326.0,2347.0,1258.0,14561.0,100432.0,4036.0,730.0,238006.0,483.0,9869.0,1955.0,1468103.0,9644.0,653.0,88103.0,1737.0,2430.0,4779.0,904.0,213262.0,1931.0,4411.0,5030.0,35041.0,3490.0,1418056.0,15587.0,107231.0,71802.0,3125.0,19265.0,210682.0,3513.0,553353.0,1976.0,8009.0,12412.0,13906.0,691.0,791.0,484.0,10273.0,156538.0,10980.0,14926.0,26865.0,7396.0,1837996.0,904.0,11153.0,5552.0,2665.0,7137.0,651.0,27524.0,48707.0,7015.0,60832.0,1616.0,75517.0,1787.0,763905.0,4593.0,465658.0,7645.0,6972.0,22950.0,2194.0,2762.0,43803.0,16367.0,1554.0,508.0,57195.0,563.0,2558.0,30742.0
421844,"Chardonnay, Napa, CA 2003",Chardonnay,Chardonnay,9566.0,2343.0,49619.0,3365.0,545.0,1742.0,2459.0,13178.0,182887.0,2014.0,39814.0,5504.0,1782.0,13280.0,34892.0,2972.0,8194.0,13540.0,7561.0,2397.0,13628.0,1447.0,24565.0,44523.0,1472.0,52272.0,250.0,10441.0,63188.0,113726.0,14402.0,223000.0,2524.0,1306.0,16206.0,117879.0,4445.0,677.0,265311.0,9284.0,12151.0,2241.0,800586.0,10891.0,624.0,85272.0,1918.0,2426.0,4818.0,1229.0,222905.0,2385.0,4847.0,5208.0,37880.0,3550.0,1339283.0,5443.0,116516.0,80775.0,3070.0,18484.0,232542.0,3801.0,570245.0,11664.0,8452.0,11828.0,14878.0,854.0,844.0,527.0,13611.0,163356.0,11520.0,17144.0,28580.0,8453.0,2338418.0,4004.0,11867.0,5751.0,2769.0,6964.0,584.0,27302.0,51864.0,7146.0,74264.0,1849.0,66835.0,1522.0,774083.0,3216.0,495233.0,7854.0,6720.0,19335.0,2714.0,2944.0,46665.0,1522.0,1742.0,341.0,59129.0,659.0,1875.0,31926.0
421849,"Chardonnay, SE Australia, 2004",Chardonnay,Chardonnay,14063.0,2445.0,40223.0,2996.0,600.0,4227.0,2222.0,12318.0,285760.0,1960.0,86826.0,8462.0,1579.0,11918.0,31751.0,2978.0,3198.0,8407.0,4527.0,2262.0,14535.0,1224.0,12578.0,127784.0,10349.0,46447.0,537.0,6143.0,64858.0,401666.0,15726.0,179719.0,1517.0,1314.0,576665.0,191086.0,3208.0,5350.0,817509.0,3807.0,14703.0,3716.0,723261.0,9458.0,970.0,58191.0,274.0,2181.0,2935.0,579.0,196873.0,23775.0,5732.0,3545.0,12438.0,3634.0,188514.0,8708.0,46380.0,36139.0,2818.0,254830.0,88739.0,6461.0,117680.0,4666.0,3297.0,9310.0,9188.0,769.0,477.0,289.0,97644.0,247598.0,9066.0,12882.0,11769.0,10040.0,1809503.0,3502.0,15181.0,1742.0,2336.0,5600.0,549.0,31737.0,28492.0,7054.0,106459.0,550.0,66133.0,1395.0,510850.0,21739.0,305903.0,6687.0,5615.0,16926.0,6462.0,1837.0,32251.0,8340.0,2156.0,254.0,32445.0,336.0,2733.0,30466.0
421853,"Chardonnay, SE Australia, 2004",Chardonnay,Chardonnay,13735.0,2590.0,36266.0,2890.0,365.0,4256.0,1613.0,11252.0,286181.0,1407.0,83499.0,8055.0,997.0,10024.0,30000.0,1618.0,4042.0,7985.0,1033.0,2818.0,11391.0,819.0,12327.0,107457.0,7666.0,43665.0,32.0,5329.0,63092.0,384357.0,16917.0,197704.0,1301.0,1286.0,40276.0,191559.0,2694.0,4685.0,761051.0,3427.0,12574.0,3407.0,1040822.0,8185.0,1512.0,59278.0,209.0,1563.0,2242.0,454.0,191563.0,18930.0,4981.0,2284.0,12530.0,3579.0,246204.0,4660.0,44929.0,32459.0,2964.0,277514.0,64689.0,5511.0,101802.0,5254.0,3208.0,10584.0,7508.0,466.0,486.0,144.0,79801.0,251259.0,6107.0,6719.0,11934.0,7226.0,1826581.0,2001.0,15109.0,1534.0,2227.0,5113.0,261.0,28861.0,27209.0,5753.0,113401.0,399.0,36033.0,1415.0,615393.0,345472.0,282582.0,8121.0,5384.0,17330.0,4872.0,1283.0,28240.0,949.0,2195.0,54.0,32519.0,270.0,2872.0,25742.0
421857,"Chardonnay, SE Australia, 2004",Chardonnay,Chardonnay,12968.0,2206.0,38774.0,2762.0,542.0,4642.0,2367.0,9825.0,278703.0,1755.0,66592.0,8575.0,1564.0,11303.0,30522.0,2777.0,3441.0,8045.0,4611.0,1834.0,13036.0,1253.0,12395.0,119174.0,9969.0,45433.0,205.0,5733.0,59697.0,393964.0,16254.0,211115.0,1671.0,5190.0,524655.0,186818.0,3350.0,4996.0,813051.0,3489.0,14123.0,2885.0,735063.0,9222.0,860.0,55346.0,216.0,2152.0,2843.0,452.0,187919.0,21172.0,5490.0,2933.0,12165.0,3861.0,177479.0,9093.0,45481.0,35607.0,2942.0,256110.0,100908.0,6860.0,147561.0,5217.0,3112.0,10256.0,8626.0,841.0,686.0,231.0,87296.0,243902.0,8952.0,12705.0,11854.0,10208.0,1911732.0,494.0,14459.0,1830.0,2508.0,4985.0,300.0,32052.0,27082.0,7071.0,100423.0,529.0,68679.0,1472.0,499623.0,23663.0,318819.0,7165.0,5498.0,17714.0,6737.0,1571.0,32347.0,8142.0,1480.0,232.0,31840.0,401.0,2692.0,27510.0
421861,"Chardonnay, SE Australia, 2004",Chardonnay,Chardonnay,14254.0,2369.0,44869.0,3517.0,371.0,4954.0,2094.0,13939.0,336612.0,1744.0,96880.0,9924.0,1571.0,12468.0,39649.0,2614.0,3107.0,10162.0,4355.0,2500.0,16831.0,1538.0,14951.0,75851.0,9011.0,55637.0,1508.0,6446.0,71480.0,325501.0,17607.0,235730.0,1951.0,5663.0,44181.0,214248.0,3681.0,6131.0,722058.0,2563.0,19256.0,3215.0,485129.0,11871.0,1289.0,68780.0,286.0,2285.0,3351.0,509.0,219864.0,31293.0,6097.0,3645.0,14432.0,4485.0,238527.0,5436.0,54352.0,40724.0,3240.0,308401.0,115648.0,8144.0,78121.0,2359.0,3902.0,11659.0,9892.0,522.0,925.0,220.0,69815.0,290250.0,10634.0,15175.0,14348.0,12003.0,2154844.0,3824.0,16641.0,1798.0,2725.0,6104.0,447.0,38514.0,31968.0,8794.0,116267.0,867.0,67648.0,2727.0,700640.0,89592.0,331348.0,9217.0,6737.0,20734.0,8200.0,1766.0,39306.0,9035.0,2657.0,174.0,38367.0,384.0,3511.0,35976.0
421865,"Chardonnay, SE Australia, 2004",Chardonnay,Chardonnay,14189.0,2197.0,41038.0,3029.0,643.0,4592.0,1778.0,11870.0,321094.0,1697.0,90935.0,8536.0,1108.0,10283.0,33695.0,1862.0,4385.0,8500.0,1323.0,2152.0,10727.0,1240.0,13136.0,118838.0,9644.0,47058.0,2980.0,5650.0,67800.0,413941.0,17148.0,217252.0,1131.0,4586.0,32884.0,201155.0,3025.0,5409.0,812098.0,3554.0,13417.0,5549.0,567338.0,8392.0,1347.0,60520.0,202.0,1709.0,2376.0,467.0,210479.0,17371.0,5522.0,2111.0,12668.0,3913.0,238603.0,1865.0,48803.0,34122.0,3544.0,289886.0,81592.0,5148.0,129655.0,1684.0,3412.0,9871.0,8781.0,534.0,649.0,236.0,74708.0,260770.0,8574.0,12101.0,12063.0,8279.0,1940750.0,2321.0,16367.0,1673.0,2479.0,5571.0,467.0,30659.0,27339.0,5397.0,126365.0,565.0,43497.0,1174.0,642830.0,309816.0,245527.0,8259.0,6029.0,16800.0,4924.0,1271.0,31453.0,1337.0,2113.0,74.0,34351.0,275.0,3712.0,33401.0
421869,"Chardonnay, SE Australia, 2004",Chardonnay,Chardonnay,12584.0,1209.0,45497.0,3591.0,399.0,4743.0,2166.0,13890.0,323503.0,1875.0,90614.0,9168.0,1493.0,12333.0,38265.0,2208.0,2973.0,9073.0,4018.0,2066.0,13756.0,1463.0,14873.0,131450.0,10149.0,50519.0,28.0,6667.0,73802.0,272298.0,17646.0,234360.0,1405.0,1591.0,37104.0,206497.0,3286.0,5868.0,718344.0,3970.0,17027.0,3112.0,694654.0,9938.0,929.0,67578.0,259.0,2203.0,3197.0,492.0,204282.0,20149.0,5860.0,2954.0,14435.0,4325.0,245212.0,5695.0,51437.0,39958.0,3446.0,289752.0,118444.0,6670.0,85630.0,6340.0,4168.0,10494.0,9909.0,718.0,883.0,337.0,89947.0,296096.0,8553.0,14351.0,13667.0,11060.0,2015943.0,465.0,18367.0,1772.0,2849.0,6531.0,561.0,37540.0,31869.0,6315.0,126814.0,630.0,63458.0,2083.0,725466.0,94289.0,342808.0,9192.0,6242.0,21117.0,6382.0,1671.0,35495.0,9586.0,2168.0,223.0,36050.0,455.0,3720.0,39708.0
421874,"Elevage Blanc, Napa, CA 2004",Elevage Blanc,Elevage Blanc,10552.0,4185.0,160041.0,12673.0,675.0,3508.0,4239.0,6670.0,158776.0,11346.0,34512.0,6040.0,1764.0,11214.0,25719.0,3458.0,7089.0,3565.0,8995.0,1529.0,94086.0,849.0,20938.0,10893.0,812.0,31460.0,1650.0,45840.0,101370.0,191451.0,20657.0,50270.0,3517.0,1021.0,15459.0,83338.0,3495.0,1075.0,218925.0,8134.0,8158.0,4563.0,1192997.0,10393.0,4046.0,57397.0,993.0,3063.0,4239.0,654.0,309368.0,1203.0,6539.0,4668.0,28583.0,3661.0,1116599.0,9595.0,94141.0,59970.0,7343.0,12813.0,116847.0,14547.0,229274.0,15680.0,6173.0,11949.0,11680.0,448.0,1325.0,593.0,5586.0,81665.0,19282.0,21770.0,20287.0,13179.0,1012950.0,1748.0,27368.0,3326.0,3056.0,8545.0,701.0,21126.0,21015.0,29115.0,80819.0,644.0,156567.0,2666.0,2053126.0,2493.0,724284.0,17957.0,13145.0,13552.0,28030.0,2518.0,28559.0,22265.0,3215.0,273.0,42246.0,3288.0,3357.0,21853.0
421878,"Elevage Blanc, Napa, CA 2004",Elevage Blanc,Elevage Blanc,10102.0,4879.0,164087.0,13423.0,1227.0,3988.0,4059.0,5998.0,136243.0,10229.0,12907.0,5748.0,2473.0,10655.0,28086.0,2406.0,10583.0,3056.0,1150.0,1821.0,91499.0,908.0,21699.0,11270.0,871.0,31767.0,6053.0,49805.0,115405.0,189623.0,17672.0,52823.0,2947.0,1058.0,19063.0,90144.0,3371.0,1049.0,232729.0,1886.0,8668.0,5322.0,1469607.0,9424.0,3461.0,59835.0,877.0,2630.0,4656.0,640.0,307466.0,1217.0,6225.0,4143.0,27942.0,3922.0,1114097.0,9683.0,93153.0,64528.0,6674.0,13135.0,119869.0,13163.0,143644.0,4356.0,6666.0,13529.0,11697.0,655.0,1705.0,176.0,8129.0,78292.0,18928.0,20131.0,21910.0,13175.0,1033299.0,1571.0,25611.0,2790.0,2922.0,9106.0,1235.0,18546.0,25267.0,24840.0,89304.0,798.0,162337.0,1192.0,1834396.0,5440.0,732060.0,17502.0,12197.0,12116.0,25953.0,2762.0,27503.0,16681.0,2509.0,144.0,41858.0,3044.0,3382.0,24121.0
421882,"Elevage Blanc, Napa, CA 2004",Elevage Blanc,Elevage Blanc,10163.0,2192.0,162999.0,12515.0,1374.0,3868.0,1005.0,6055.0,150344.0,10206.0,33835.0,5979.0,2199.0,13709.0,28473.0,2470.0,11727.0,2951.0,819.0,2706.0,87850.0,1410.0,20334.0,12409.0,500.0,30646.0,7074.0,46637.0,101407.0,194595.0,20930.0,51512.0,3161.0,1299.0,14719.0,85829.0,3349.0,1061.0,215190.0,731.0,9154.0,3735.0,1243982.0,8666.0,4028.0,58700.0,774.0,3446.0,3323.0,663.0,304016.0,1260.0,5879.0,4176.0,31285.0,3705.0,1204169.0,7245.0,94106.0,62028.0,8188.0,12683.0,116564.0,14828.0,160923.0,4435.0,5152.0,15492.0,12225.0,486.0,456.0,214.0,5745.0,79033.0,13009.0,19472.0,20119.0,11737.0,998985.0,1801.0,33196.0,2951.0,3227.0,9169.0,880.0,22726.0,23603.0,25844.0,85567.0,660.0,135352.0,1081.0,2065886.0,2090.0,707742.0,18551.0,13159.0,16376.0,28026.0,2396.0,28590.0,18759.0,5256.0,301.0,49137.0,2589.0,3349.0,23157.0
421886,"Elevage Blanc, Napa, CA 2004",Elevage Blanc,Elevage Blanc,7517.0,2406.0,127097.0,10763.0,875.0,2992.0,2869.0,6198.0,141471.0,7994.0,27305.0,2924.0,2439.0,7796.0,23493.0,2073.0,7910.0,2757.0,3602.0,1077.0,48376.0,728.0,16665.0,7853.0,710.0,24298.0,4740.0,34754.0,95897.0,152398.0,13670.0,43311.0,1380.0,699.0,13747.0,66233.0,1832.0,716.0,192879.0,1309.0,6165.0,4758.0,2143908.0,6201.0,1522.0,46915.0,472.0,2193.0,3516.0,460.0,277515.0,1243.0,4711.0,1970.0,22107.0,3104.0,1321639.0,6861.0,84321.0,47089.0,5278.0,10709.0,78828.0,7210.0,132275.0,6760.0,5524.0,8656.0,7965.0,543.0,1384.0,317.0,6594.0,59768.0,16648.0,40190.0,16939.0,11004.0,866897.0,1414.0,19621.0,2324.0,2398.0,7387.0,603.0,14624.0,15907.0,12047.0,70218.0,418.0,121759.0,1155.0,1948256.0,1162.0,596590.0,13828.0,10451.0,15559.0,12472.0,1726.0,20051.0,14094.0,1501.0,206.0,34246.0,2006.0,2818.0,18100.0
421890,"Elevage Blanc, Napa, CA 2004",Elevage Blanc,Elevage Blanc,8213.0,3048.0,133173.0,11185.0,719.0,2908.0,3187.0,6079.0,141068.0,7498.0,30729.0,5851.0,1352.0,8701.0,23765.0,2649.0,7921.0,3177.0,1013.0,1080.0,58483.0,867.0,15908.0,8665.0,857.0,25330.0,4224.0,36369.0,89042.0,160746.0,14412.0,44204.0,2030.0,945.0,14698.0,71751.0,2349.0,860.0,188709.0,1469.0,6948.0,6655.0,2036326.0,6583.0,2091.0,47406.0,659.0,2310.0,3550.0,590.0,293430.0,771.0,3873.0,2627.0,22838.0,3011.0,1275655.0,8437.0,83879.0,49248.0,5300.0,10012.0,87038.0,9580.0,163827.0,8969.0,5557.0,9971.0,9598.0,548.0,1483.0,362.0,7914.0,62189.0,18552.0,16791.0,18858.0,10523.0,897109.0,1198.0,20972.0,2157.0,2422.0,7695.0,1032.0,13890.0,17151.0,16834.0,69545.0,543.0,127623.0,1309.0,1966959.0,2750.0,579104.0,14253.0,10653.0,13693.0,17480.0,1926.0,21229.0,17118.0,1924.0,254.0,33125.0,2108.0,3166.0,19411.0
421649,"Fume Blanc, Napa, CA 2004",Fume Blanc,Sauvignon Blanc,9457.0,1580.0,140005.0,10785.0,1018.0,2711.0,3153.0,6158.0,158179.0,6905.0,23967.0,4453.0,2435.0,9474.0,22801.0,1952.0,9741.0,3120.0,2913.0,1278.0,64621.0,908.0,16535.0,7916.0,567.0,28886.0,4515.0,26994.0,98632.0,130697.0,13184.0,47888.0,2305.0,672.0,14680.0,75681.0,2658.0,1049.0,219525.0,747.0,6908.0,3378.0,1373613.0,10644.0,2852.0,51557.0,587.0,3429.0,2876.0,719.0,371594.0,1351.0,5271.0,3314.0,23625.0,3541.0,1482561.0,11376.0,86737.0,54092.0,5513.0,11188.0,97270.0,11309.0,159023.0,9291.0,5568.0,11104.0,11021.0,538.0,882.0,181.0,5420.0,65624.0,14738.0,30204.0,18166.0,11389.0,1010523.0,1701.0,24295.0,1811.0,2561.0,9507.0,787.0,13766.0,20223.0,21157.0,98198.0,655.0,102441.0,1598.0,1939981.0,3905.0,708352.0,15020.0,10878.0,6734.0,21369.0,3376.0,20911.0,12158.0,2926.0,252.0,37377.0,1691.0,3596.0,16156.0
421653,"Fume Blanc, Napa, CA 2004",Fume Blanc,Sauvignon Blanc,10639.0,1915.0,132151.0,10191.0,873.0,2553.0,3265.0,5157.0,137134.0,6588.0,23384.0,4796.0,2851.0,9148.0,21742.0,2415.0,5380.0,3256.0,1674.0,1598.0,80261.0,780.0,16561.0,8117.0,570.0,30145.0,5112.0,25300.0,99400.0,140485.0,14462.0,47188.0,3294.0,1365.0,12292.0,78810.0,3114.0,1160.0,227142.0,679.0,7879.0,4040.0,1715074.0,11339.0,1282.0,48911.0,719.0,3715.0,3317.0,895.0,368862.0,1596.0,4342.0,4685.0,21702.0,3303.0,1395568.0,6995.0,74308.0,53822.0,6092.0,10127.0,70663.0,13678.0,180974.0,11611.0,5604.0,11694.0,11602.0,695.0,1104.0,401.0,3779.0,64671.0,20095.0,20457.0,18697.0,10903.0,764956.0,1454.0,24245.0,1894.0,2818.0,9748.0,710.0,12706.0,20241.0,25051.0,115496.0,573.0,132560.0,1263.0,1907071.0,3165.0,693928.0,13983.0,11017.0,10412.0,26444.0,3588.0,23397.0,12448.0,2302.0,197.0,33953.0,1581.0,3285.0,15330.0
421657,"Fume Blanc, Napa, CA 2004",Fume Blanc,Sauvignon Blanc,10696.0,766.0,154172.0,12449.0,836.0,3170.0,4157.0,10350.0,141394.0,10050.0,21498.0,6595.0,2058.0,10799.0,24465.0,3384.0,18182.0,3369.0,22726.0,1634.0,87747.0,1179.0,20796.0,10053.0,769.0,28764.0,458.0,30766.0,107529.0,136348.0,20583.0,56406.0,4078.0,1108.0,16010.0,88716.0,3578.0,1322.0,236038.0,1925.0,8218.0,5702.0,1562661.0,13614.0,2689.0,54895.0,885.0,3756.0,4000.0,744.0,333746.0,1212.0,5630.0,4988.0,27699.0,4256.0,971538.0,9025.0,80901.0,58991.0,8572.0,12137.0,117367.0,16228.0,233825.0,9745.0,4848.0,16144.0,14238.0,511.0,730.0,863.0,3243.0,87918.0,20104.0,49893.0,18248.0,11520.0,759612.0,2330.0,34822.0,2273.0,3446.0,10792.0,762.0,22259.0,22878.0,28215.0,106318.0,558.0,183149.0,2913.0,2053812.0,2912.0,749441.0,17163.0,13051.0,13025.0,30153.0,3901.0,26511.0,19039.0,4064.0,194.0,45346.0,2277.0,3274.0,18160.0
421661,"Fume Blanc, Napa, CA 2004",Fume Blanc,Sauvignon Blanc,10098.0,5430.0,157794.0,12362.0,1094.0,3553.0,4456.0,6872.0,143372.0,8783.0,26055.0,5563.0,1745.0,10145.0,27691.0,3276.0,17117.0,3118.0,10068.0,1339.0,76227.0,900.0,20127.0,10204.0,1189.0,35193.0,4166.0,29043.0,106915.0,139885.0,15144.0,55506.0,2951.0,1281.0,20568.0,92471.0,3472.0,1427.0,241071.0,2806.0,8397.0,5435.0,1184800.0,13519.0,2779.0,58162.0,794.0,2133.0,4303.0,668.0,340712.0,1191.0,6495.0,3919.0,26426.0,3897.0,1148020.0,10002.0,92198.0,59614.0,6130.0,12402.0,111928.0,13316.0,151006.0,12029.0,6508.0,15468.0,12816.0,627.0,2726.0,682.0,8883.0,83207.0,23356.0,39455.0,20157.0,12963.0,1018878.0,2083.0,25005.0,2340.0,3171.0,10535.0,474.0,17407.0,24264.0,24090.0,99848.0,794.0,178985.0,1705.0,2077901.0,1687.0,749809.0,16331.0,13229.0,12929.0,25227.0,4023.0,26284.0,16255.0,2576.0,226.0,38879.0,2309.0,3803.0,17885.0
421665,"Fume Blanc, Napa, CA 2004",Fume Blanc,Sauvignon Blanc,9479.0,949.0,130013.0,10781.0,0.0,2991.0,0.0,0.0,143470.0,6474.0,23220.0,6298.0,0.0,0.0,21102.0,2036.0,5052.0,2972.0,503.0,0.0,77194.0,0.0,17843.0,0.0,0.0,29813.0,0.0,25895.0,105892.0,132640.0,15607.0,48813.0,0.0,1065.0,17347.0,78138.0,3144.0,1342.0,0.0,346.0,8172.0,4434.0,1946474.0,0.0,0.0,54375.0,670.0,0.0,2392.0,0.0,392788.0,1224.0,0.0,3586.0,21863.0,3547.0,1422665.0,5624.0,75891.0,53986.0,6050.0,9844.0,0.0,0.0,198710.0,0.0,5246.0,17551.0,11723.0,0.0,616.0,0.0,0.0,0.0,8720.0,21546.0,17062.0,11519.0,754746.0,1239.0,26438.0,0.0,2758.0,9239.0,0.0,15210.0,21234.0,24068.0,106101.0,0.0,69863.0,0.0,2013983.0,0.0,747388.0,15129.0,11051.0,10303.0,25870.0,3559.0,23601.0,11368.0,4469.0,0.0,35545.0,1735.0,3363.0,15371.0
421669,"Fume Blanc, Napa, CA 2004",Fume Blanc,Sauvignon Blanc,9730.0,2743.0,133333.0,10372.0,859.0,2732.0,1568.0,2866.0,150481.0,7188.0,22967.0,4662.0,2650.0,8449.0,22557.0,2655.0,8075.0,2646.0,3951.0,1215.0,66822.0,1011.0,15790.0,8946.0,549.0,28205.0,2886.0,25801.0,98571.0,131229.0,14364.0,48744.0,2520.0,1345.0,14585.0,77260.0,2844.0,1270.0,215374.0,3995.0,6900.0,4246.0,1551698.0,11136.0,1409.0,47709.0,593.0,2052.0,2857.0,813.0,361966.0,848.0,1977.0,3572.0,21402.0,3497.0,1479934.0,9358.0,79538.0,52154.0,5414.0,9178.0,106980.0,12010.0,235881.0,9428.0,5238.0,11229.0,10889.0,544.0,1583.0,207.0,6977.0,66560.0,16600.0,30804.0,17509.0,10933.0,962704.0,1317.0,23499.0,1878.0,2824.0,8588.0,929.0,13596.0,20447.0,21605.0,104287.0,727.0,137325.0,1935.0,1769129.0,2017.0,699929.0,13827.0,11442.0,12624.0,23506.0,3137.0,25425.0,14750.0,2052.0,269.0,33187.0,1671.0,3366.0,16525.0
421549,"Pinot gris, Napa, CA 2004",Pinot gris,Pinot gris,14887.0,2478.0,69757.0,4976.0,1049.0,2744.0,1717.0,10299.0,309760.0,1350.0,116728.0,3619.0,1950.0,24519.0,28388.0,1704.0,18776.0,7881.0,1682.0,5374.0,21520.0,3240.0,22705.0,144030.0,13279.0,52331.0,5654.0,13691.0,71276.0,264448.0,17720.0,419385.0,3129.0,1419.0,44515.0,169170.0,4675.0,1776.0,371379.0,1093.0,12225.0,2995.0,1378988.0,9269.0,633.0,76449.0,388.0,2052.0,3198.0,962.0,357017.0,1060.0,6610.0,4645.0,13363.0,3440.0,297880.0,7428.0,55218.0,39819.0,4458.0,449651.0,89500.0,4025.0,83046.0,10689.0,3502.0,15823.0,18285.0,622.0,968.0,347.0,133589.0,215708.0,17602.0,20353.0,14216.0,6560.0,1302646.0,509.0,17967.0,3387.0,2314.0,6999.0,442.0,15674.0,14879.0,13009.0,82661.0,480.0,98083.0,2765.0,978547.0,3426.0,629370.0,8940.0,9647.0,16392.0,4847.0,1528.0,27032.0,8477.0,3485.0,165.0,34206.0,509.0,3434.0,22650.0
421553,"Pinot gris, Napa, CA 2004",Pinot gris,Pinot gris,12951.0,3027.0,69122.0,5407.0,737.0,2578.0,2788.0,10116.0,325800.0,1708.0,53904.0,4183.0,2302.0,23695.0,29678.0,2456.0,16019.0,7770.0,1636.0,4634.0,22373.0,3040.0,21793.0,160067.0,14315.0,51399.0,152.0,14367.0,64287.0,281155.0,14110.0,415665.0,2913.0,1759.0,45155.0,187927.0,5314.0,1863.0,355897.0,1151.0,12822.0,3820.0,1269342.0,10169.0,1131.0,66175.0,441.0,3945.0,3294.0,831.0,374554.0,1110.0,7398.0,4043.0,12944.0,2934.0,307040.0,9780.0,56383.0,41605.0,4612.0,380412.0,90514.0,3720.0,82838.0,11226.0,3627.0,14920.0,17027.0,636.0,1389.0,312.0,181031.0,219175.0,17472.0,19570.0,15255.0,6851.0,1427891.0,920.0,18394.0,3853.0,2108.0,6792.0,232.0,17037.0,14206.0,12321.0,82940.0,476.0,117500.0,3308.0,910542.0,3452.0,670715.0,8075.0,8815.0,15557.0,4497.0,1655.0,30997.0,8522.0,2766.0,202.0,34064.0,545.0,3812.0,25158.0
421557,"Pinot gris, Napa, CA 2004",Pinot gris,Pinot gris,10367.0,4955.0,66217.0,4369.0,1070.0,2637.0,3327.0,8582.0,355326.0,1121.0,99860.0,2921.0,2951.0,24212.0,28307.0,3912.0,17612.0,7706.0,1519.0,5317.0,21051.0,2215.0,20367.0,138213.0,13557.0,48400.0,6558.0,12660.0,52588.0,255447.0,16185.0,389888.0,2494.0,1455.0,66201.0,167275.0,4380.0,1971.0,364275.0,1810.0,12474.0,2859.0,1540904.0,9137.0,1636.0,64918.0,703.0,3315.0,3347.0,982.0,371411.0,992.0,6818.0,4463.0,13069.0,3141.0,297447.0,8180.0,56801.0,39213.0,4357.0,311845.0,84289.0,4433.0,70550.0,10540.0,3781.0,12977.0,16344.0,631.0,1600.0,385.0,150535.0,207854.0,19886.0,20146.0,13060.0,6652.0,1408001.0,1492.0,16487.0,2700.0,1958.0,6970.0,428.0,16636.0,13498.0,12570.0,79986.0,1005.0,125804.0,2886.0,861201.0,2778.0,659223.0,8730.0,8435.0,15162.0,4816.0,1495.0,28785.0,9222.0,4261.0,171.0,35032.0,623.0,2613.0,20474.0
421561,"Pinot gris, Napa, CA 2004",Pinot gris,Pinot gris,12253.0,3406.0,75967.0,5334.0,975.0,2935.0,1739.0,13128.0,263507.0,2855.0,102966.0,5643.0,2384.0,23430.0,32399.0,4434.0,19139.0,9346.0,8668.0,4879.0,26571.0,4155.0,24769.0,165336.0,15177.0,51236.0,288.0,16954.0,56625.0,213867.0,18212.0,464633.0,3643.0,2010.0,45051.0,179219.0,5358.0,2122.0,366139.0,2877.0,13688.0,5141.0,1251262.0,9970.0,1296.0,75070.0,668.0,3729.0,2276.0,831.0,338808.0,1105.0,8074.0,5153.0,14718.0,3585.0,221637.0,9810.0,59773.0,50868.0,4819.0,412291.0,175313.0,7108.0,72017.0,3937.0,3732.0,12987.0,19930.0,924.0,1006.0,174.0,169854.0,205028.0,24222.0,24089.0,15384.0,7501.0,1439705.0,871.0,17588.0,4033.0,2263.0,7204.0,256.0,20600.0,15526.0,14535.0,81615.0,574.0,187418.0,3426.0,1012349.0,4627.0,531726.0,9629.0,10548.0,14493.0,5513.0,1812.0,32896.0,15665.0,4139.0,136.0,34214.0,701.0,3475.0,24220.0
421565,"Pinot gris, Napa, CA 2004",Pinot gris,Pinot gris,10888.0,3921.0,61527.0,4547.0,995.0,2330.0,3688.0,10631.0,348983.0,1260.0,103895.0,2869.0,2847.0,22598.0,27363.0,3070.0,17522.0,7937.0,1965.0,4527.0,19493.0,2239.0,19846.0,136718.0,14856.0,46475.0,70.0,12525.0,56722.0,240681.0,13419.0,393972.0,2670.0,1782.0,37613.0,161168.0,4398.0,1521.0,361009.0,3835.0,11770.0,4124.0,1496527.0,7612.0,1411.0,68172.0,555.0,3975.0,3180.0,1148.0,379003.0,1090.0,6827.0,3555.0,13124.0,3048.0,302252.0,6943.0,56504.0,40152.0,4346.0,325898.0,74143.0,5729.0,68844.0,10350.0,3365.0,13437.0,14823.0,721.0,1670.0,285.0,166036.0,213664.0,18423.0,16087.0,13169.0,6438.0,1456356.0,2062.0,16542.0,2944.0,2155.0,6326.0,471.0,17711.0,13346.0,13635.0,84577.0,1087.0,131479.0,2873.0,884652.0,3300.0,655698.0,7944.0,8912.0,14765.0,3876.0,1525.0,30022.0,9967.0,3035.0,244.0,33235.0,844.0,3152.0,20828.0
421569,"Pinot gris, Napa, CA 2004",Pinot gris,Pinot gris,9856.0,1926.0,75410.0,5177.0,798.0,3115.0,3237.0,10017.0,337537.0,2304.0,113887.0,4380.0,2471.0,24300.0,30987.0,3402.0,17310.0,8730.0,3379.0,4232.0,18219.0,3815.0,22307.0,158809.0,16954.0,52527.0,235.0,14996.0,64622.0,284415.0,18173.0,434158.0,2573.0,1348.0,39828.0,168799.0,5171.0,1723.0,411929.0,2341.0,12233.0,5430.0,1108334.0,8445.0,1234.0,65700.0,357.0,3338.0,2588.0,859.0,391592.0,1542.0,7086.0,3393.0,12792.0,3477.0,313059.0,11261.0,56858.0,45181.0,4477.0,377578.0,83283.0,4774.0,78707.0,8503.0,3910.0,16518.0,19371.0,749.0,770.0,431.0,175854.0,229516.0,11770.0,22771.0,15643.0,6380.0,1412339.0,2751.0,18616.0,2991.0,2385.0,6963.0,540.0,13992.0,14143.0,11609.0,84242.0,521.0,85664.0,3116.0,903057.0,3862.0,737898.0,8814.0,10000.0,15290.0,2859.0,1742.0,30429.0,9570.0,2598.0,157.0,34257.0,787.0,3266.0,25077.0
421524,"Pinot gris, Oregon 2003",Pinot gris,Pinot gris,12111.0,2367.0,106165.0,4946.0,743.0,3872.0,3684.0,10211.0,172101.0,2909.0,70293.0,4016.0,1565.0,9154.0,34886.0,1298.0,6484.0,5595.0,1110.0,2853.0,10168.0,3599.0,16168.0,125508.0,3674.0,41582.0,1528.0,18015.0,69629.0,509947.0,18567.0,192093.0,1233.0,1273.0,491873.0,124502.0,2551.0,3059.0,794780.0,1740.0,11470.0,3567.0,897042.0,9326.0,706.0,67305.0,851.0,3185.0,4516.0,2425.0,258066.0,1330.0,6600.0,2004.0,21098.0,2209.0,107645.0,8016.0,74963.0,56152.0,4483.0,417873.0,120613.0,5473.0,84624.0,4607.0,4905.0,12571.0,16338.0,479.0,2028.0,359.0,33132.0,148732.0,11700.0,12300.0,20007.0,6302.0,945595.0,1759.0,16931.0,12512.0,1095.0,11303.0,953.0,21852.0,14157.0,7568.0,75506.0,1092.0,67812.0,2094.0,877755.0,3399.0,580771.0,7623.0,7547.0,15348.0,6673.0,2463.0,25608.0,18331.0,2529.0,272.0,42484.0,953.0,2503.0,25167.0
421528,"Pinot gris, Oregon 2003",Pinot gris,Pinot gris,10957.0,3826.0,96933.0,4507.0,682.0,3479.0,3063.0,8291.0,159724.0,2038.0,61481.0,3487.0,2740.0,9180.0,29646.0,4184.0,5774.0,4264.0,4864.0,3406.0,16823.0,2896.0,14087.0,124480.0,3612.0,41986.0,95.0,18692.0,49928.0,621450.0,18935.0,160661.0,1799.0,1514.0,665606.0,135922.0,4032.0,3415.0,792888.0,4802.0,10577.0,3339.0,1006641.0,10909.0,921.0,57875.0,840.0,3377.0,3186.0,2369.0,274547.0,1947.0,6384.0,3538.0,17870.0,1995.0,94061.0,11321.0,62400.0,48416.0,4222.0,361604.0,100299.0,8042.0,78026.0,917.0,4318.0,9021.0,17110.0,608.0,796.0,428.0,33017.0,117308.0,16850.0,15869.0,16940.0,4973.0,860665.0,2108.0,16076.0,13035.0,943.0,9225.0,844.0,17586.0,14630.0,12132.0,70935.0,1211.0,117535.0,2054.0,810534.0,3979.0,511043.0,5643.0,6956.0,10998.0,12271.0,2737.0,25959.0,12854.0,1948.0,298.0,36113.0,838.0,2647.0,21006.0
421532,"Pinot gris, Oregon 2003",Pinot gris,Pinot gris,11625.0,4676.0,100556.0,4778.0,1048.0,3902.0,3085.0,8226.0,166610.0,2115.0,66102.0,5270.0,1935.0,9663.0,31755.0,3718.0,5224.0,4179.0,6309.0,3326.0,14052.0,2843.0,15531.0,125062.0,3424.0,42044.0,2688.0,19643.0,67513.0,624285.0,21893.0,182137.0,1731.0,1165.0,307015.0,123114.0,4337.0,3120.0,776595.0,944.0,11630.0,4085.0,1097530.0,11017.0,1146.0,63330.0,752.0,2129.0,3225.0,2465.0,276789.0,1378.0,6472.0,2856.0,18737.0,2083.0,100702.0,4690.0,66366.0,53010.0,4173.0,413958.0,81844.0,6342.0,43510.0,6770.0,4609.0,9208.0,15623.0,436.0,2613.0,417.0,30674.0,134952.0,19449.0,17877.0,17384.0,4735.0,933686.0,1821.0,15096.0,13005.0,977.0,9634.0,613.0,19995.0,14482.0,10768.0,72167.0,1134.0,126716.0,905.0,828337.0,3883.0,552884.0,7084.0,7470.0,12447.0,9845.0,2133.0,27159.0,12026.0,2326.0,223.0,39373.0,840.0,2676.0,25081.0
421536,"Pinot gris, Oregon 2003",Pinot gris,Pinot gris,12059.0,6183.0,100358.0,4215.0,1091.0,3617.0,3533.0,8447.0,169573.0,2127.0,63077.0,5306.0,3031.0,9761.0,30118.0,2504.0,5835.0,3925.0,3812.0,3375.0,16841.0,2858.0,14950.0,119780.0,3684.0,40780.0,1375.0,17622.0,62424.0,619130.0,19576.0,171420.0,2439.0,1479.0,523793.0,124102.0,3994.0,3415.0,798408.0,6216.0,11559.0,3932.0,1076642.0,9670.0,892.0,57663.0,809.0,3223.0,3157.0,2253.0,275220.0,1491.0,6570.0,3137.0,18724.0,1925.0,104442.0,11120.0,64938.0,48869.0,4286.0,385296.0,86247.0,6740.0,65628.0,2492.0,4491.0,8881.0,16570.0,551.0,1868.0,472.0,33602.0,118410.0,18772.0,14625.0,15683.0,5553.0,914145.0,594.0,15693.0,12147.0,790.0,8836.0,624.0,18225.0,13891.0,12183.0,67344.0,1461.0,121785.0,1855.0,781862.0,3657.0,526104.0,5745.0,6534.0,9644.0,11130.0,2472.0,27050.0,11421.0,2302.0,171.0,39208.0,873.0,2855.0,21933.0
421540,"Pinot gris, Oregon 2003",Pinot gris,Pinot gris,12571.0,5142.0,106231.0,5035.0,781.0,4210.0,2907.0,9107.0,161115.0,2438.0,68189.0,4001.0,1848.0,9611.0,32835.0,3968.0,4934.0,5820.0,7167.0,3873.0,17942.0,3256.0,15003.0,127142.0,3993.0,45221.0,1666.0,19344.0,64303.0,628711.0,19892.0,194778.0,2023.0,1461.0,16558.0,132507.0,4324.0,3528.0,828720.0,7739.0,11715.0,3971.0,1083022.0,10698.0,1107.0,64443.0,759.0,2456.0,3389.0,2651.0,287544.0,1737.0,6723.0,3500.0,19552.0,1915.0,99666.0,7207.0,67332.0,51999.0,4886.0,429976.0,77800.0,7623.0,42959.0,7129.0,4864.0,11426.0,18895.0,497.0,2492.0,386.0,30491.0,135428.0,20879.0,18061.0,18004.0,5830.0,914768.0,2222.0,17468.0,12433.0,981.0,9803.0,465.0,18561.0,14133.0,15622.0,80104.0,1628.0,135567.0,2125.0,888667.0,4306.0,580887.0,7225.0,7812.0,10914.0,12576.0,2602.0,27330.0,12342.0,2158.0,203.0,40806.0,909.0,2623.0,23779.0
421544,"Pinot gris, Oregon 2003",Pinot gris,Pinot gris,12335.0,2202.0,106950.0,5202.0,734.0,3820.0,3332.0,10647.0,167441.0,2596.0,64886.0,3687.0,1638.0,9412.0,33993.0,2713.0,6657.0,5324.0,852.0,2933.0,11271.0,3614.0,15968.0,123769.0,4164.0,43785.0,1367.0,18005.0,59142.0,481179.0,19336.0,187726.0,1233.0,1139.0,506905.0,132369.0,3796.0,3186.0,805961.0,1998.0,11818.0,4168.0,933731.0,9429.0,1326.0,67738.0,836.0,2486.0,6016.0,2196.0,248732.0,1143.0,6677.0,2263.0,20803.0,2220.0,103434.0,8596.0,72490.0,53202.0,4658.0,429432.0,118232.0,5112.0,88252.0,4517.0,4771.0,9410.0,17426.0,489.0,1910.0,333.0,34164.0,143810.0,14076.0,12026.0,18255.0,6315.0,926380.0,1917.0,18236.0,13185.0,898.0,9933.0,791.0,19551.0,15057.0,8407.0,68322.0,1168.0,64295.0,2183.0,891917.0,9668.0,559519.0,7430.0,7264.0,13909.0,8055.0,2232.0,27478.0,16931.0,2405.0,222.0,42554.0,892.0,2699.0,25320.0
421574,"Riesling, CA 2004",Riesling,Riesling,18681.0,1655.0,40195.0,2804.0,720.0,8373.0,2473.0,12888.0,376576.0,1194.0,42583.0,6884.0,2140.0,9693.0,31290.0,2661.0,9270.0,5503.0,11801.0,2915.0,18897.0,3357.0,39775.0,63659.0,13638.0,53401.0,715.0,5987.0,84096.0,210492.0,17959.0,255649.0,4916.0,1555.0,427954.0,232748.0,4492.0,3626.0,575431.0,22454.0,17729.0,4541.0,555719.0,20670.0,1561.0,69586.0,742.0,2734.0,3164.0,1417.0,364668.0,3631.0,5954.0,4092.0,16962.0,3766.0,1157804.0,5460.0,49821.0,43633.0,6503.0,35029.0,123076.0,4279.0,379969.0,7259.0,3690.0,11626.0,9148.0,626.0,580.0,793.0,71423.0,206229.0,14448.0,83469.0,16418.0,18622.0,1193835.0,3678.0,23798.0,2985.0,1878.0,7950.0,621.0,33447.0,40573.0,13917.0,126705.0,1614.0,97134.0,2243.0,601913.0,3551.0,637939.0,11357.0,7019.0,16836.0,3521.0,3212.0,13049.0,5420.0,2902.0,151.0,42761.0,793.0,3784.0,35911.0
421578,"Riesling, CA 2004",Riesling,Riesling,14278.0,3898.0,32018.0,2333.0,920.0,7097.0,2238.0,10244.0,373945.0,1213.0,33854.0,4459.0,1515.0,7846.0,26598.0,2006.0,8735.0,4757.0,8144.0,3597.0,6778.0,2527.0,32870.0,45855.0,9931.0,38814.0,319.0,5061.0,65766.0,409627.0,12698.0,214144.0,1567.0,1369.0,451048.0,190050.0,2963.0,3173.0,460106.0,40714.0,14792.0,2508.0,623965.0,13132.0,1561.0,59916.0,666.0,2365.0,3049.0,1052.0,288123.0,1952.0,4830.0,1268.0,16376.0,3041.0,1099484.0,6794.0,47802.0,32053.0,5268.0,27083.0,122827.0,2607.0,277137.0,3147.0,3371.0,6900.0,6785.0,481.0,1362.0,451.0,81038.0,206443.0,11639.0,66329.0,10780.0,15322.0,1265253.0,2504.0,19622.0,2514.0,1522.0,7096.0,535.0,31882.0,34330.0,5722.0,94393.0,1018.0,66617.0,2289.0,543302.0,3983.0,609621.0,9534.0,5631.0,18408.0,592.0,2318.0,9120.0,8275.0,2962.0,112.0,43321.0,654.0,3336.0,26705.0
421582,"Riesling, CA 2004",Riesling,Riesling,17095.0,3950.0,37423.0,2513.0,521.0,8314.0,2435.0,11530.0,341335.0,1181.0,39250.0,6001.0,1684.0,9091.0,28279.0,2840.0,6684.0,5305.0,6862.0,4104.0,13668.0,3151.0,36466.0,57124.0,13986.0,50351.0,1866.0,6294.0,73079.0,410940.0,15906.0,239752.0,4282.0,1373.0,167760.0,214552.0,4162.0,3190.0,546756.0,3446.0,16261.0,2627.0,870775.0,17843.0,1864.0,65647.0,549.0,1989.0,2960.0,1393.0,341624.0,3304.0,5463.0,3255.0,15400.0,3459.0,1086150.0,7907.0,47229.0,37924.0,5873.0,33991.0,132423.0,4032.0,346861.0,6478.0,3331.0,10523.0,8441.0,523.0,903.0,599.0,85663.0,223209.0,16954.0,41936.0,13348.0,16318.0,1197659.0,3151.0,23327.0,3048.0,1972.0,7842.0,477.0,27830.0,39936.0,11275.0,122082.0,1359.0,123836.0,1329.0,545056.0,4176.0,499686.0,11043.0,6838.0,17017.0,2621.0,3157.0,10768.0,7168.0,3425.0,106.0,42382.0,661.0,3890.0,31639.0
421586,"Riesling, CA 2004",Riesling,Riesling,15634.0,2120.0,27826.0,1814.0,803.0,6287.0,653.0,7986.0,328612.0,682.0,29128.0,4393.0,1474.0,8100.0,21598.0,2072.0,3389.0,4021.0,978.0,2807.0,11866.0,1941.0,25384.0,39239.0,8938.0,41096.0,1168.0,4448.0,60202.0,637476.0,13562.0,203972.0,2991.0,1188.0,254941.0,203585.0,3152.0,2618.0,533879.0,5144.0,13157.0,2827.0,1013701.0,14928.0,1651.0,52349.0,526.0,2271.0,2213.0,921.0,327757.0,2272.0,3923.0,2439.0,13416.0,2607.0,1045952.0,8341.0,39652.0,29127.0,4889.0,24166.0,109522.0,2581.0,304773.0,6245.0,2056.0,7962.0,7383.0,341.0,480.0,226.0,68574.0,172215.0,6756.0,6552.0,11727.0,12402.0,1024500.0,2530.0,21299.0,2149.0,1419.0,5907.0,273.0,22342.0,30745.0,8607.0,111014.0,897.0,44277.0,1465.0,336260.0,3368.0,635577.0,8590.0,4846.0,12134.0,2149.0,2194.0,11097.0,6795.0,4312.0,150.0,37098.0,686.0,3034.0,19527.0
421590,"Riesling, CA 2004",Riesling,Riesling,13635.0,3943.0,27305.0,1847.0,697.0,6020.0,1771.0,8478.0,299588.0,330.0,28489.0,4599.0,1606.0,6707.0,20679.0,1676.0,3338.0,3736.0,2556.0,2359.0,9747.0,2142.0,26126.0,38793.0,10828.0,37831.0,1868.0,4407.0,64747.0,636331.0,12387.0,202870.0,2374.0,1137.0,111669.0,185219.0,1763.0,2543.0,504942.0,1764.0,12110.0,1872.0,1206818.0,11530.0,1143.0,49218.0,290.0,2851.0,2281.0,897.0,270518.0,1859.0,3646.0,2037.0,12025.0,2921.0,1020859.0,5266.0,38777.0,27962.0,4677.0,25579.0,159105.0,3361.0,447690.0,4079.0,2316.0,7972.0,5836.0,331.0,848.0,299.0,67023.0,169596.0,11935.0,8664.0,10772.0,12186.0,953535.0,2024.0,16217.0,2099.0,1445.0,5889.0,252.0,19588.0,27926.0,6955.0,101929.0,1026.0,64191.0,1094.0,419767.0,2802.0,577898.0,8018.0,4826.0,9913.0,1899.0,1892.0,10437.0,5786.0,2101.0,92.0,31620.0,598.0,2380.0,27050.0
421594,"Riesling, CA 2004",Riesling,Riesling,17105.0,3266.0,35395.0,2660.0,652.0,7835.0,2307.0,11920.0,313924.0,1336.0,36283.0,3775.0,1123.0,8726.0,27633.0,2387.0,6599.0,5211.0,13466.0,2857.0,14307.0,2810.0,37878.0,57183.0,10575.0,47079.0,1948.0,5861.0,78738.0,429775.0,17077.0,246447.0,3772.0,1414.0,173788.0,215087.0,4144.0,3566.0,502146.0,2093.0,17825.0,3819.0,776186.0,16849.0,1374.0,65827.0,698.0,2199.0,3172.0,1433.0,327140.0,3055.0,5243.0,3535.0,15133.0,3329.0,942382.0,5717.0,45897.0,36784.0,5244.0,33582.0,469240.0,3808.0,428780.0,7543.0,3288.0,11823.0,8224.0,509.0,826.0,497.0,84193.0,216843.0,17130.0,41345.0,15338.0,17465.0,1200485.0,3360.0,20856.0,2720.0,1731.0,7013.0,495.0,29649.0,38596.0,12110.0,120888.0,1349.0,128573.0,1387.0,434658.0,36989.0,338392.0,11175.0,6260.0,13834.0,2566.0,3042.0,10509.0,8126.0,3351.0,129.0,38572.0,780.0,3579.0,30994.0
421599,"Riesling, Finger Lakes, NY 2004",Riesling,Riesling,24045.0,2396.0,31624.0,1797.0,852.0,5318.0,2319.0,12237.0,235477.0,1407.0,93808.0,1841.0,1718.0,12749.0,38303.0,2330.0,5799.0,1923.0,961.0,3461.0,15742.0,3358.0,11855.0,43597.0,7172.0,13466.0,456.0,5165.0,31135.0,431947.0,10641.0,122284.0,2516.0,1135.0,791942.0,269938.0,2421.0,8114.0,965593.0,2198.0,15530.0,4168.0,755436.0,26590.0,1676.0,58750.0,467.0,2525.0,2388.0,1790.0,268661.0,1039.0,5215.0,2659.0,14756.0,2001.0,1478753.0,8472.0,43689.0,31675.0,3195.0,186862.0,61629.0,5189.0,141313.0,10678.0,3436.0,5987.0,10062.0,538.0,577.0,195.0,62828.0,250959.0,9348.0,23100.0,17029.0,6297.0,405128.0,1872.0,4870.0,2198.0,1682.0,6896.0,63.0,21823.0,92518.0,7148.0,40538.0,1677.0,59434.0,1533.0,437300.0,121289.0,444969.0,3666.0,3450.0,12633.0,8115.0,2113.0,31530.0,8260.0,1593.0,219.0,37630.0,1028.0,815.0,18357.0
421603,"Riesling, Finger Lakes, NY 2004",Riesling,Riesling,35316.0,1023.0,29315.0,1595.0,155.0,4809.0,399.0,10462.0,231120.0,1132.0,92588.0,2704.0,1123.0,11884.0,34603.0,1289.0,4869.0,1784.0,640.0,3442.0,9882.0,2425.0,10874.0,38461.0,5101.0,13355.0,599.0,5573.0,28846.0,584983.0,9905.0,118256.0,1570.0,5350.0,435876.0,273659.0,1926.0,6580.0,650241.0,1990.0,14478.0,3178.0,744472.0,24648.0,1285.0,56303.0,367.0,927.0,1919.0,1483.0,270113.0,923.0,4488.0,1917.0,13691.0,1872.0,1651468.0,6431.0,40769.0,31152.0,2459.0,157475.0,41359.0,3841.0,129845.0,7194.0,3070.0,3039.0,9052.0,285.0,459.0,141.0,56775.0,236956.0,5781.0,8089.0,16498.0,6314.0,360625.0,1515.0,4058.0,1917.0,1612.0,6918.0,256.0,16775.0,85972.0,4232.0,43080.0,1477.0,42196.0,1413.0,419019.0,616338.0,426122.0,3314.0,3309.0,12470.0,5115.0,1898.0,27070.0,5161.0,1175.0,126.0,35547.0,818.0,1019.0,20579.0
421607,"Riesling, Finger Lakes, NY 2004",Riesling,Riesling,25959.0,2465.0,33820.0,2203.0,469.0,5805.0,1496.0,14806.0,262102.0,1203.0,100462.0,2708.0,1629.0,15701.0,43941.0,2243.0,7058.0,2162.0,1304.0,3876.0,19489.0,3587.0,14289.0,46592.0,9861.0,14378.0,1250.0,6021.0,33713.0,305079.0,11846.0,136071.0,3288.0,1209.0,348963.0,305291.0,2867.0,8117.0,110425.0,2558.0,17751.0,3682.0,854768.0,30843.0,2225.0,69218.0,455.0,2614.0,2692.0,1960.0,297136.0,1158.0,5412.0,3115.0,17778.0,2474.0,1600536.0,8145.0,48943.0,36020.0,2938.0,194659.0,73674.0,7650.0,130761.0,13049.0,3496.0,10634.0,10856.0,421.0,698.0,234.0,41951.0,292683.0,9465.0,29090.0,18714.0,7089.0,438953.0,1877.0,4813.0,2382.0,1969.0,8045.0,493.0,26019.0,102821.0,7938.0,41300.0,2077.0,56204.0,1773.0,523206.0,759766.0,485551.0,4250.0,3678.0,13456.0,10196.0,2380.0,34405.0,11046.0,2536.0,105.0,47571.0,991.0,1077.0,21394.0
421611,"Riesling, Finger Lakes, NY 2004",Riesling,Riesling,39650.0,560.0,31615.0,2007.0,664.0,5100.0,1430.0,10340.0,247843.0,1002.0,102742.0,3209.0,846.0,13977.0,36619.0,1528.0,5466.0,1739.0,858.0,4201.0,11359.0,2476.0,12554.0,42357.0,4908.0,13904.0,2826.0,5533.0,34740.0,506462.0,13009.0,127341.0,1561.0,986.0,50170.0,273663.0,1977.0,7349.0,79777.0,2203.0,16072.0,3931.0,509340.0,25921.0,1550.0,66243.0,378.0,2261.0,2325.0,1640.0,311941.0,892.0,4969.0,1826.0,15775.0,2089.0,1921265.0,38960.0,44949.0,30510.0,3712.0,188665.0,46671.0,4326.0,188446.0,7581.0,3182.0,10320.0,9666.0,314.0,374.0,106.0,53172.0,265018.0,4672.0,8347.0,17596.0,6483.0,382850.0,851.0,6199.0,2264.0,1947.0,7208.0,217.0,20520.0,93286.0,4533.0,46254.0,1413.0,33838.0,1539.0,485578.0,1173222.0,469844.0,3992.0,3670.0,13324.0,6557.0,1981.0,29065.0,5658.0,4061.0,122.0,42526.0,680.0,1341.0,23095.0
421615,"Riesling, Finger Lakes, NY 2004",Riesling,Riesling,22163.0,1071.0,28875.0,1521.0,625.0,4672.0,1879.0,11509.0,204506.0,1239.0,80318.0,3084.0,1998.0,12186.0,30231.0,2230.0,8094.0,2458.0,3652.0,3390.0,12534.0,3156.0,10661.0,35719.0,6686.0,11236.0,74.0,4579.0,27416.0,404991.0,10416.0,107604.0,2134.0,5417.0,322697.0,231074.0,1835.0,5936.0,955780.0,1737.0,13338.0,3849.0,777675.0,24664.0,1967.0,55240.0,313.0,2565.0,2063.0,1560.0,255575.0,903.0,4581.0,2204.0,14627.0,1659.0,1226162.0,5765.0,38192.0,27814.0,3168.0,170057.0,57444.0,4562.0,119619.0,8924.0,2610.0,3539.0,8742.0,275.0,295.0,358.0,31979.0,223010.0,12541.0,19226.0,13784.0,5509.0,275116.0,1449.0,7995.0,1851.0,1568.0,6064.0,319.0,20478.0,78414.0,5352.0,33076.0,1254.0,138272.0,748.0,459948.0,524804.0,382937.0,3654.0,3019.0,11794.0,7170.0,1960.0,26052.0,9770.0,2071.0,80.0,39403.0,677.0,686.0,14959.0
421619,"Riesling, Finger Lakes, NY 2004",Riesling,Riesling,32102.0,2488.0,26767.0,1436.0,808.0,4514.0,1866.0,10457.0,223441.0,951.0,81705.0,2032.0,1595.0,9953.0,32523.0,1368.0,6679.0,935.0,2307.0,2514.0,8633.0,2430.0,9450.0,33624.0,5309.0,10173.0,618.0,4307.0,22445.0,547460.0,8665.0,104974.0,1330.0,690.0,471350.0,209602.0,1512.0,5581.0,194230.0,1753.0,12239.0,3268.0,1031518.0,18655.0,868.0,51296.0,309.0,1504.0,1700.0,1063.0,238597.0,710.0,3450.0,1325.0,12324.0,1684.0,1566184.0,6071.0,38502.0,24501.0,2282.0,169335.0,42843.0,3037.0,154878.0,5841.0,2805.0,8004.0,6874.0,323.0,1133.0,386.0,44488.0,180002.0,11165.0,13926.0,14564.0,5033.0,346550.0,1286.0,3711.0,1681.0,1363.0,5621.0,273.0,15951.0,71529.0,3161.0,33755.0,1313.0,73496.0,1235.0,373234.0,399453.0,362528.0,3237.0,2873.0,10164.0,4097.0,1549.0,23581.0,6960.0,1385.0,151.0,33692.0,492.0,824.0,16461.0
421624,"Sauvignon Blanc, Lake County, CA 2001",Sauvignon Blanc,Sauvignon Blanc,14977.0,2961.0,97242.0,7876.0,262.0,4216.0,2135.0,7875.0,118912.0,3254.0,75146.0,3919.0,1824.0,8069.0,22177.0,2640.0,4994.0,7155.0,6789.0,958.0,11653.0,839.0,11247.0,144644.0,10123.0,40747.0,2268.0,13515.0,52324.0,368819.0,20939.0,199191.0,2135.0,2632.0,525243.0,161772.0,3182.0,2793.0,855162.0,1189.0,5117.0,6804.0,930896.0,14895.0,1281.0,53559.0,320.0,1989.0,3232.0,703.0,352625.0,1191.0,7674.0,3988.0,14063.0,2969.0,209261.0,8105.0,46662.0,32671.0,2626.0,198722.0,82255.0,10744.0,114869.0,9027.0,3592.0,10612.0,8961.0,299.0,1871.0,272.0,61420.0,125009.0,15273.0,17015.0,11688.0,15474.0,1185007.0,424.0,45509.0,2550.0,2283.0,8440.0,114.0,12650.0,23587.0,10259.0,124608.0,588.0,99132.0,1634.0,892346.0,23224.0,566348.0,13132.0,8896.0,8136.0,21936.0,214.0,22126.0,10231.0,2866.0,90.0,28040.0,478.0,5021.0,18728.0
421628,"Sauvignon Blanc, Lake County, CA 2001",Sauvignon Blanc,Sauvignon Blanc,16676.0,0.0,106516.0,9719.0,0.0,5154.0,0.0,0.0,144918.0,3207.0,128107.0,2965.0,0.0,0.0,20536.0,2065.0,5348.0,8095.0,0.0,0.0,16198.0,0.0,12483.0,157836.0,7711.0,51866.0,0.0,15232.0,68043.0,545699.0,24705.0,253051.0,0.0,0.0,56731.0,219741.0,3220.0,2929.0,0.0,1308.0,7929.0,5960.0,698778.0,0.0,0.0,64181.0,0.0,0.0,2548.0,798.0,487747.0,1481.0,8231.0,5784.0,14863.0,3114.0,281272.0,8121.0,53278.0,36941.0,3285.0,309991.0,40176.0,0.0,95050.0,5887.0,3523.0,14963.0,10708.0,0.0,583.0,81.0,60283.0,126504.0,14306.0,13985.0,13341.0,16747.0,1216880.0,0.0,56620.0,3175.0,2379.0,9382.0,0.0,11867.0,26275.0,16811.0,182480.0,0.0,82279.0,0.0,1052778.0,0.0,617448.0,15949.0,9726.0,8638.0,28917.0,0.0,23925.0,0.0,5825.0,0.0,32503.0,0.0,5623.0,23403.0
421632,"Sauvignon Blanc, Lake County, CA 2001",Sauvignon Blanc,Sauvignon Blanc,14014.0,0.0,120224.0,11037.0,766.0,4626.0,0.0,0.0,158209.0,4222.0,117392.0,0.0,0.0,0.0,27135.0,0.0,5796.0,9396.0,3713.0,0.0,5123.0,790.0,14407.0,156116.0,6791.0,38065.0,0.0,14208.0,70721.0,388768.0,22740.0,256654.0,0.0,978.0,41015.0,153312.0,2086.0,2689.0,14103.0,929.0,6204.0,7207.0,1094272.0,0.0,964.0,72609.0,0.0,0.0,2215.0,571.0,331743.0,596.0,8293.0,0.0,17793.0,3609.0,266345.0,9919.0,65440.0,33767.0,3055.0,281915.0,144467.0,0.0,17128.0,0.0,3831.0,5424.0,7684.0,0.0,1582.0,291.0,63645.0,158243.0,12042.0,18844.0,13716.0,18253.0,1501022.0,0.0,53287.0,2975.0,2706.0,10125.0,0.0,15753.0,26644.0,3995.0,122284.0,0.0,70001.0,0.0,1172088.0,0.0,713567.0,17992.0,10964.0,11842.0,8881.0,0.0,21484.0,0.0,5207.0,0.0,37632.0,0.0,5532.0,20682.0
421636,"Sauvignon Blanc, Lake County, CA 2001",Sauvignon Blanc,Sauvignon Blanc,19086.0,0.0,116442.0,9612.0,703.0,5360.0,0.0,0.0,133606.0,3632.0,114602.0,0.0,1486.0,0.0,25717.0,2689.0,0.0,9014.0,4826.0,0.0,16739.0,986.0,13206.0,174071.0,7159.0,52826.0,0.0,15366.0,58508.0,440078.0,24873.0,237244.0,0.0,1251.0,51229.0,184686.0,3816.0,3423.0,1015372.0,1397.0,7059.0,5091.0,934103.0,0.0,1717.0,58893.0,363.0,0.0,0.0,912.0,428421.0,1613.0,9633.0,6157.0,15947.0,3238.0,235105.0,9302.0,55845.0,41663.0,3292.0,253151.0,142124.0,0.0,184061.0,0.0,3597.0,12002.0,10042.0,0.0,1402.0,307.0,81758.0,149489.0,15444.0,14728.0,13833.0,15647.0,1345735.0,718.0,53623.0,3292.0,2652.0,9912.0,0.0,14217.0,27308.0,14983.0,157423.0,0.0,103311.0,0.0,1053307.0,0.0,667019.0,15267.0,10516.0,9795.0,29530.0,0.0,28032.0,0.0,0.0,45.0,32260.0,0.0,5576.0,20073.0
421640,"Sauvignon Blanc, Lake County, CA 2001",Sauvignon Blanc,Sauvignon Blanc,17380.0,3725.0,110316.0,10069.0,538.0,4677.0,0.0,0.0,114647.0,4822.0,112338.0,3773.0,1993.0,0.0,25680.0,0.0,8319.0,9488.0,15528.0,1063.0,17468.0,952.0,13211.0,174980.0,7911.0,49397.0,0.0,16694.0,62676.0,416103.0,23251.0,232562.0,0.0,1555.0,43349.0,204339.0,3827.0,4102.0,979261.0,989.0,6487.0,6427.0,1360349.0,0.0,1401.0,64532.0,0.0,3748.0,4077.0,731.0,424283.0,1583.0,9286.0,6858.0,15780.0,3554.0,204994.0,10240.0,53689.0,41104.0,3128.0,285604.0,128887.0,0.0,85784.0,6008.0,0.0,13328.0,10888.0,0.0,1307.0,975.0,65188.0,152194.0,22436.0,36088.0,14207.0,15237.0,1241637.0,0.0,53942.0,3255.0,3050.0,9001.0,0.0,14650.0,28495.0,16373.0,144913.0,399.0,165002.0,1057.0,917772.0,0.0,677237.0,15960.0,10666.0,8055.0,31075.0,0.0,28886.0,0.0,5212.0,0.0,30034.0,605.0,5776.0,19600.0
421644,"Sauvignon Blanc, Lake County, CA 2001",Sauvignon Blanc,Sauvignon Blanc,16172.0,0.0,114722.0,9509.0,890.0,4567.0,0.0,0.0,132589.0,5157.0,108959.0,3132.0,3035.0,0.0,24403.0,2530.0,0.0,7758.0,11166.0,17021.0,13126.0,6799.0,13915.0,170524.0,8634.0,53622.0,0.0,14797.0,62464.0,423238.0,70584.0,230217.0,0.0,0.0,46963.0,174701.0,3510.0,3876.0,0.0,1447.0,7857.0,7881.0,1033695.0,0.0,2688.0,65039.0,0.0,3257.0,2996.0,716.0,427973.0,4686.0,8750.0,4019.0,16966.0,3232.0,235343.0,12845.0,0.0,37905.0,36028.0,290591.0,111993.0,0.0,93024.0,0.0,0.0,0.0,9782.0,0.0,682.0,925.0,68287.0,147467.0,22343.0,30975.0,13160.0,14094.0,1202820.0,0.0,169008.0,3104.0,2330.0,12909.0,0.0,18074.0,27882.0,10189.0,158547.0,0.0,183373.0,0.0,1013263.0,0.0,664922.0,22643.0,10623.0,8397.0,22517.0,0.0,29356.0,0.0,0.0,0.0,37762.0,0.0,5353.0,19513.0
421674,"Sauvignon Blanc, Napa, CA 2004 (SB03)",Sauvignon Blanc,Sauvignon Blanc,13350.0,5615.0,134698.0,5169.0,636.0,2832.0,3221.0,12961.0,402057.0,2686.0,170848.0,4728.0,2542.0,11349.0,22979.0,4415.0,10153.0,10249.0,1424.0,1167.0,35053.0,669.0,39929.0,240760.0,16584.0,57460.0,13428.0,13772.0,110972.0,180795.0,22875.0,592946.0,3435.0,2162.0,45002.0,292672.0,4606.0,5011.0,202129.0,3592.0,19575.0,5459.0,802264.0,15636.0,2663.0,87065.0,256.0,2149.0,3780.0,742.0,506542.0,1309.0,10376.0,3283.0,7872.0,5716.0,181080.0,10497.0,30241.0,16833.0,5700.0,523770.0,116445.0,31074.0,80778.0,17155.0,2512.0,15211.0,14918.0,677.0,2465.0,110.0,125708.0,240377.0,15298.0,17919.0,11184.0,10428.0,1380188.0,1297.0,36704.0,5768.0,4775.0,8836.0,969.0,14870.0,63422.0,28677.0,146580.0,996.0,84262.0,1322.0,781609.0,2718.0,694342.0,21784.0,26041.0,7463.0,64963.0,1396.0,34885.0,11700.0,4566.0,186.0,31433.0,862.0,4047.0,21774.0
421678,"Sauvignon Blanc, Napa, CA 2004 (SB03)",Sauvignon Blanc,Sauvignon Blanc,12405.0,4700.0,118494.0,4829.0,981.0,2412.0,2294.0,12327.0,399047.0,2017.0,174720.0,4113.0,1963.0,9637.0,19824.0,3833.0,16180.0,8805.0,1482.0,1576.0,23733.0,1049.0,35037.0,208906.0,18658.0,51504.0,197.0,11680.0,101987.0,166926.0,21828.0,563547.0,2519.0,2112.0,39294.0,324992.0,3215.0,5179.0,197750.0,3702.0,15370.0,5854.0,1358500.0,12002.0,2817.0,72143.0,173.0,2967.0,3895.0,696.0,467219.0,1004.0,9272.0,2294.0,7440.0,5208.0,195510.0,11611.0,30189.0,14455.0,5242.0,524831.0,93487.0,20365.0,48709.0,10643.0,2164.0,12844.0,13341.0,466.0,1726.0,458.0,92987.0,234358.0,18898.0,20821.0,11149.0,11973.0,1254275.0,1100.0,34091.0,4854.0,4127.0,7902.0,712.0,11795.0,50308.0,17684.0,138443.0,1007.0,97538.0,1218.0,800516.0,2312.0,567432.0,19810.0,24649.0,4938.0,45431.0,933.0,31657.0,11251.0,3915.0,157.0,30633.0,576.0,3495.0,20722.0
421682,"Sauvignon Blanc, Napa, CA 2004 (SB03)",Sauvignon Blanc,Sauvignon Blanc,13792.0,2440.0,129406.0,4752.0,769.0,2479.0,3203.0,13104.0,376612.0,2474.0,185236.0,2055.0,2292.0,12620.0,20796.0,3845.0,5971.0,10249.0,1200.0,1336.0,28593.0,1053.0,37669.0,225442.0,14956.0,52602.0,5564.0,13091.0,95838.0,170555.0,23125.0,566823.0,2919.0,2200.0,43021.0,312792.0,3958.0,5172.0,201331.0,3861.0,21343.0,3302.0,1188530.0,16452.0,3020.0,76058.0,305.0,2935.0,4158.0,801.0,461007.0,1634.0,10395.0,2981.0,7412.0,5827.0,183279.0,9369.0,29840.0,16837.0,6373.0,444558.0,191847.0,26370.0,116936.0,15030.0,2210.0,13874.0,14050.0,806.0,1435.0,108.0,120712.0,241502.0,12537.0,12488.0,11045.0,14483.0,1304469.0,631.0,32707.0,5623.0,4691.0,7627.0,1025.0,14165.0,58271.0,23124.0,160599.0,490.0,67373.0,1281.0,668774.0,2849.0,678377.0,19487.0,24330.0,8665.0,58095.0,1229.0,35594.0,12446.0,5173.0,216.0,28551.0,703.0,3602.0,20605.0
421686,"Sauvignon Blanc, Napa, CA 2004 (SB03)",Sauvignon Blanc,Sauvignon Blanc,13658.0,2113.0,125960.0,4884.0,366.0,2388.0,2645.0,13330.0,382427.0,2874.0,182617.0,3778.0,1824.0,11718.0,20510.0,3195.0,5589.0,9518.0,1241.0,1423.0,30651.0,803.0,37080.0,227789.0,16068.0,56360.0,5129.0,14256.0,107455.0,175258.0,22879.0,569135.0,3463.0,2476.0,45502.0,323899.0,4037.0,5078.0,201539.0,4480.0,20547.0,8217.0,1222162.0,16216.0,2831.0,71724.0,256.0,2964.0,3987.0,637.0,485362.0,1775.0,10433.0,3170.0,7438.0,5764.0,171449.0,8581.0,28789.0,17128.0,6167.0,486817.0,113815.0,31739.0,121210.0,15156.0,1988.0,14343.0,15159.0,719.0,1159.0,276.0,120589.0,234993.0,12084.0,12241.0,11742.0,15214.0,1283048.0,1808.0,33686.0,5227.0,4765.0,7512.0,1052.0,12880.0,56689.0,27166.0,145468.0,597.0,68964.0,1914.0,673187.0,2111.0,680897.0,19553.0,23315.0,3582.0,58236.0,1547.0,36251.0,12845.0,2749.0,201.0,28212.0,673.0,3865.0,20033.0
421690,"Sauvignon Blanc, Napa, CA 2004 (SB03)",Sauvignon Blanc,Sauvignon Blanc,11822.0,3786.0,118580.0,4733.0,477.0,1839.0,2126.0,11080.0,406127.0,2126.0,166214.0,3519.0,2147.0,9281.0,19132.0,2051.0,9671.0,8571.0,942.0,1405.0,17869.0,444.0,34629.0,202400.0,12029.0,45159.0,6936.0,10975.0,95632.0,159107.0,21119.0,610778.0,1667.0,1923.0,30695.0,269933.0,3226.0,4017.0,183549.0,3374.0,16885.0,5277.0,1375358.0,11146.0,1910.0,77160.0,201.0,1009.0,3162.0,692.0,413227.0,1042.0,9237.0,1577.0,7661.0,5536.0,188730.0,9053.0,31042.0,13997.0,5101.0,516976.0,194865.0,17363.0,66381.0,7768.0,1577.0,12338.0,10942.0,528.0,1501.0,174.0,101923.0,227481.0,15583.0,15726.0,10448.0,14001.0,1380842.0,1294.0,33388.0,4356.0,3960.0,6746.0,362.0,11947.0,47969.0,13636.0,130719.0,816.0,83373.0,1622.0,810631.0,2107.0,618785.0,18028.0,23385.0,7092.0,36210.0,911.0,28364.0,9618.0,5181.0,161.0,30613.0,577.0,3672.0,19023.0
421694,"Sauvignon Blanc, Napa, CA 2004 (SB03)",Sauvignon Blanc,Sauvignon Blanc,12337.0,2189.0,116021.0,4189.0,815.0,2296.0,739.0,10685.0,421006.0,1937.0,162659.0,4329.0,2467.0,12643.0,17993.0,2325.0,15055.0,8601.0,1181.0,4313.0,25509.0,1094.0,33074.0,188517.0,14019.0,47942.0,12909.0,11173.0,98363.0,155066.0,21958.0,547683.0,2529.0,2227.0,40769.0,324363.0,3350.0,4755.0,175693.0,4091.0,16816.0,6130.0,1356317.0,12159.0,3069.0,72641.0,259.0,3134.0,3743.0,786.0,443977.0,1192.0,9167.0,2219.0,9566.0,5275.0,225036.0,10734.0,29597.0,12934.0,5749.0,511494.0,72860.0,23689.0,87455.0,12617.0,2297.0,15284.0,12446.0,450.0,421.0,62.0,84993.0,198071.0,9267.0,17862.0,9737.0,11547.0,1312285.0,1359.0,37311.0,4291.0,4719.0,7459.0,613.0,15509.0,48001.0,18978.0,135033.0,858.0,98098.0,1364.0,860630.0,4727.0,632244.0,17816.0,22555.0,6310.0,50056.0,1036.0,30538.0,9628.0,5975.0,124.0,35749.0,722.0,3298.0,18352.0
421699,"Sauvignon Blanc, Napa, CA 2004 (SB04)",Sauvignon Blanc,Sauvignon Blanc,11808.0,2300.0,156747.0,3194.0,692.0,1653.0,3066.0,8630.0,188236.0,1297.0,37253.0,1627.0,2405.0,11139.0,26906.0,4105.0,5424.0,8682.0,2841.0,2008.0,52125.0,876.0,22834.0,159437.0,1637.0,38607.0,1681.0,11769.0,132614.0,116151.0,17520.0,346904.0,3140.0,812.0,24156.0,95142.0,3327.0,633.0,184298.0,5775.0,12466.0,2774.0,2330845.0,11542.0,841.0,95833.0,766.0,2183.0,3099.0,928.0,425341.0,1015.0,7596.0,5104.0,14551.0,3258.0,126996.0,6236.0,70185.0,44635.0,4200.0,396364.0,141866.0,31919.0,209164.0,3210.0,4925.0,8986.0,14392.0,484.0,948.0,433.0,11142.0,159982.0,20232.0,13754.0,20017.0,6928.0,1015391.0,1644.0,33578.0,6418.0,1596.0,8986.0,764.0,13413.0,51111.0,25366.0,102554.0,1007.0,112136.0,2397.0,837617.0,1675.0,928512.0,20353.0,8249.0,11772.0,74402.0,434.0,28455.0,2943.0,3355.0,185.0,37312.0,756.0,3357.0,18031.0
421703,"Sauvignon Blanc, Napa, CA 2004 (SB04)",Sauvignon Blanc,Sauvignon Blanc,13876.0,3967.0,226876.0,4854.0,799.0,2735.0,3781.0,20657.0,211570.0,4145.0,52902.0,3921.0,3772.0,11251.0,28017.0,5076.0,8836.0,11311.0,16467.0,1873.0,77717.0,1808.0,35383.0,215056.0,2078.0,48504.0,111.0,15691.0,187030.0,149998.0,25072.0,445544.0,5118.0,1186.0,39135.0,124531.0,4912.0,500.0,232286.0,9922.0,14613.0,7335.0,1143679.0,15252.0,1552.0,130066.0,1296.0,5067.0,5081.0,1342.0,506668.0,1598.0,10613.0,8439.0,15057.0,4667.0,146027.0,11540.0,61216.0,61017.0,5013.0,566953.0,183989.0,46595.0,247814.0,4951.0,3775.0,12981.0,20002.0,618.0,1188.0,980.0,8681.0,259839.0,31942.0,39157.0,21684.0,7514.0,624971.0,1887.0,42231.0,8629.0,2628.0,12579.0,973.0,14213.0,71311.0,37061.0,137067.0,1387.0,254182.0,3495.0,1025412.0,651.0,601479.0,26008.0,12702.0,15531.0,107371.0,1042.0,41792.0,42597.0,4575.0,175.0,38519.0,1815.0,4370.0,26136.0
421707,"Sauvignon Blanc, Napa, CA 2004 (SB04)",Sauvignon Blanc,Sauvignon Blanc,11266.0,4201.0,154048.0,3811.0,991.0,2047.0,3301.0,9317.0,194605.0,1672.0,37841.0,3201.0,2040.0,11134.0,29202.0,3721.0,7043.0,8790.0,1263.0,2008.0,54335.0,1372.0,23268.0,164140.0,1528.0,39599.0,3616.0,11870.0,128274.0,118238.0,17274.0,352440.0,3345.0,903.0,26464.0,106199.0,3685.0,537.0,187226.0,1992.0,11666.0,4460.0,2417801.0,11150.0,2758.0,92771.0,713.0,2681.0,3864.0,1068.0,439063.0,927.0,7607.0,5837.0,15162.0,3939.0,179880.0,11088.0,71457.0,49095.0,3909.0,373182.0,70054.0,35321.0,214921.0,3555.0,4723.0,11717.0,15750.0,520.0,1405.0,532.0,16553.0,164204.0,18405.0,18413.0,18479.0,6201.0,1071101.0,1493.0,33193.0,6556.0,2217.0,9315.0,889.0,14671.0,53297.0,27962.0,102194.0,992.0,106812.0,1571.0,771293.0,1314.0,790641.0,18560.0,9296.0,12663.0,84266.0,688.0,31468.0,10399.0,4345.0,193.0,38326.0,1036.0,3287.0,20340.0
421711,"Sauvignon Blanc, Napa, CA 2004 (SB04)",Sauvignon Blanc,Sauvignon Blanc,9157.0,2604.0,184436.0,4231.0,1300.0,2467.0,4576.0,15450.0,209953.0,3005.0,44608.0,2353.0,2451.0,10740.0,37836.0,1852.0,10943.0,11287.0,21240.0,1609.0,35627.0,1034.0,30176.0,176586.0,2027.0,39187.0,1551.0,12697.0,165454.0,122406.0,21120.0,394176.0,1807.0,971.0,26665.0,104684.0,3203.0,385.0,188042.0,15132.0,12551.0,13480.0,1351390.0,9876.0,1244.0,126928.0,867.0,2066.0,4370.0,598.0,404998.0,797.0,9461.0,2974.0,20841.0,3992.0,155627.0,11618.0,99234.0,52005.0,4370.0,476974.0,178139.0,20886.0,259630.0,1945.0,5410.0,8258.0,14607.0,453.0,1910.0,463.0,19345.0,223397.0,17327.0,117521.0,24311.0,8641.0,1428707.0,1447.0,35813.0,7585.0,2375.0,10260.0,656.0,20952.0,63580.0,14911.0,94728.0,1146.0,112016.0,3564.0,1108748.0,581.0,491550.0,24995.0,10874.0,9891.0,48748.0,605.0,33229.0,28170.0,4315.0,285.0,47954.0,1427.0,3521.0,22125.0
421715,"Sauvignon Blanc, Napa, CA 2004 (SB04)",Sauvignon Blanc,Sauvignon Blanc,12687.0,3599.0,194821.0,4261.0,657.0,2617.0,3702.0,17901.0,206723.0,2983.0,46599.0,3850.0,3766.0,9775.0,26834.0,4336.0,7151.0,12519.0,13809.0,1615.0,63413.0,1549.0,32285.0,203011.0,1815.0,45756.0,712.0,13153.0,182543.0,139453.0,21195.0,406880.0,4247.0,1206.0,28911.0,116279.0,3281.0,391.0,211886.0,2144.0,13984.0,2004.0,1123438.0,14127.0,1122.0,121957.0,986.0,5290.0,4636.0,967.0,454520.0,1406.0,8861.0,6819.0,16480.0,4226.0,130363.0,11911.0,73169.0,60174.0,4474.0,510705.0,174914.0,41297.0,203993.0,4010.0,3774.0,11439.0,17164.0,557.0,1315.0,1323.0,8119.0,239235.0,27105.0,34802.0,22059.0,7485.0,800997.0,2194.0,38372.0,7525.0,2547.0,10617.0,880.0,14513.0,60848.0,32185.0,96819.0,1319.0,231442.0,1307.0,1115838.0,2430.0,998031.0,25210.0,11521.0,12298.0,94849.0,836.0,37221.0,37827.0,4887.0,99.0,39710.0,1311.0,3826.0,21601.0
421719,"Sauvignon Blanc, Napa, CA 2004 (SB04)",Sauvignon Blanc,Sauvignon Blanc,5059.0,2285.0,176443.0,4239.0,780.0,2866.0,3926.0,10807.0,243719.0,1708.0,47016.0,2168.0,2855.0,13771.0,32129.0,2704.0,6266.0,9242.0,3675.0,1918.0,47705.0,1245.0,24750.0,194169.0,2044.0,45768.0,3082.0,13946.0,168593.0,142744.0,21205.0,411928.0,2745.0,709.0,28890.0,110133.0,3491.0,682.0,215860.0,3461.0,13586.0,4415.0,787758.0,12566.0,1830.0,107469.0,825.0,3974.0,3648.0,1172.0,524479.0,898.0,9117.0,5344.0,17650.0,4042.0,180335.0,9715.0,83642.0,57715.0,4590.0,463559.0,161638.0,30835.0,303349.0,3245.0,6298.0,13726.0,16800.0,454.0,900.0,315.0,18331.0,194928.0,15092.0,15439.0,23062.0,7067.0,1245579.0,1510.0,37629.0,8239.0,2119.0,11099.0,998.0,16715.0,66040.0,23592.0,115287.0,1675.0,115704.0,2130.0,924057.0,2853.0,1207510.0,21923.0,9782.0,11820.0,70865.0,774.0,35739.0,10671.0,3838.0,205.0,42961.0,1314.0,3752.0,23715.0
421474,"Viognier, Dunnigan Hills, CA 2004",Viognier,Viognier,21306.0,2532.0,121483.0,6570.0,748.0,3388.0,2487.0,8789.0,206641.0,2877.0,74791.0,9132.0,2651.0,12706.0,26457.0,2990.0,8853.0,11053.0,7142.0,1129.0,29778.0,440.0,23567.0,182849.0,21743.0,107768.0,6051.0,10560.0,163955.0,119370.0,15347.0,427896.0,7229.0,2087.0,32356.0,85862.0,4640.0,5350.0,258006.0,1055.0,10646.0,9844.0,575663.0,17867.0,3700.0,85016.0,1057.0,3715.0,2590.0,229.0,590853.0,31491.0,8908.0,7603.0,23816.0,10925.0,231523.0,30704.0,72004.0,46782.0,7286.0,371662.0,103382.0,13110.0,172239.0,36830.0,5204.0,27240.0,10254.0,694.0,547.0,309.0,132279.0,130451.0,13588.0,33330.0,16205.0,14677.0,2322096.0,4816.0,39469.0,4972.0,5056.0,6420.0,964.0,19634.0,10361.0,18936.0,229949.0,2501.0,96462.0,1124.0,891198.0,4462.0,450379.0,28089.0,17256.0,13392.0,8672.0,3630.0,35717.0,12905.0,12456.0,188.0,40278.0,821.0,5912.0,27398.0
421478,"Viognier, Dunnigan Hills, CA 2004",Viognier,Viognier,9893.0,3347.0,125207.0,6900.0,439.0,3418.0,6556.0,8435.0,168613.0,2789.0,82594.0,10297.0,2045.0,10726.0,26688.0,3335.0,9173.0,11311.0,1684.0,1055.0,3980.0,449.0,23735.0,189778.0,15511.0,113862.0,3409.0,10513.0,170796.0,115383.0,15834.0,452524.0,8330.0,2117.0,35450.0,100057.0,5408.0,6430.0,259300.0,3636.0,10101.0,8056.0,977508.0,5141.0,2764.0,85524.0,1086.0,2984.0,2713.0,174.0,405303.0,29177.0,9839.0,8528.0,21118.0,10843.0,191288.0,31924.0,68966.0,47054.0,7706.0,362611.0,140453.0,13329.0,146233.0,38038.0,5121.0,25739.0,11115.0,677.0,865.0,199.0,146901.0,139585.0,10845.0,13906.0,16342.0,14096.0,2141317.0,5000.0,43769.0,5201.0,5576.0,6287.0,846.0,18233.0,11186.0,22052.0,221516.0,2362.0,51954.0,1612.0,952696.0,4887.0,471218.0,28547.0,18539.0,12300.0,8309.0,3730.0,37511.0,11990.0,14406.0,155.0,36145.0,908.0,5951.0,26375.0
421482,"Viognier, Dunnigan Hills, CA 2004",Viognier,Viognier,23393.0,3552.0,120217.0,6936.0,909.0,3391.0,5911.0,8418.0,182029.0,3499.0,82157.0,9513.0,2120.0,11213.0,27852.0,3719.0,6522.0,10728.0,1769.0,1111.0,3267.0,445.0,24822.0,198839.0,13358.0,115069.0,289.0,11278.0,145139.0,119472.0,14775.0,425162.0,9476.0,2189.0,30238.0,95395.0,4614.0,6768.0,265173.0,1098.0,9630.0,7437.0,533105.0,5381.0,3570.0,87892.0,1168.0,3024.0,3136.0,208.0,597426.0,33545.0,10325.0,9287.0,22430.0,11665.0,209484.0,10435.0,72322.0,46247.0,7742.0,377973.0,128163.0,13376.0,173271.0,44190.0,5903.0,28522.0,11316.0,1236.0,876.0,149.0,119834.0,141398.0,12321.0,18122.0,16956.0,14099.0,2210242.0,5526.0,39167.0,5379.0,5524.0,6382.0,1071.0,16128.0,11279.0,22065.0,230700.0,2561.0,69054.0,1913.0,1031113.0,4829.0,505799.0,29482.0,18285.0,15411.0,7337.0,3971.0,36512.0,12669.0,15254.0,142.0,37561.0,1102.0,6365.0,28070.0
421486,"Viognier, Dunnigan Hills, CA 2004",Viognier,Viognier,21540.0,2369.0,123227.0,7455.0,790.0,3566.0,5581.0,9198.0,183152.0,3296.0,82236.0,9545.0,1586.0,9896.0,29252.0,2130.0,8895.0,11844.0,5923.0,922.0,19457.0,423.0,25734.0,195083.0,16615.0,107185.0,1715.0,10545.0,171142.0,114397.0,14844.0,458239.0,4013.0,1857.0,31030.0,91773.0,4037.0,6082.0,267858.0,10686.0,9476.0,16942.0,556336.0,4220.0,2489.0,90339.0,860.0,2503.0,3627.0,243.0,548017.0,18900.0,9741.0,3992.0,22958.0,11509.0,204144.0,3344.0,76087.0,45521.0,7312.0,387536.0,131787.0,8091.0,198373.0,20784.0,5980.0,25964.0,9709.0,483.0,1740.0,225.0,160644.0,147284.0,10818.0,14690.0,17609.0,15643.0,2315825.0,4562.0,42675.0,4936.0,5238.0,6098.0,629.0,18305.0,10984.0,12688.0,218949.0,1937.0,52647.0,1051.0,942658.0,4545.0,491657.0,31348.0,19374.0,14022.0,5817.0,3159.0,35175.0,14331.0,12840.0,188.0,36619.0,701.0,6331.0,28590.0
421490,"Viognier, Dunnigan Hills, CA 2004",Viognier,Viognier,20527.0,2817.0,117192.0,6418.0,517.0,3598.0,3941.0,7953.0,166880.0,3755.0,83840.0,8528.0,2098.0,10007.0,26328.0,3356.0,5989.0,10390.0,1791.0,1146.0,3599.0,336.0,21887.0,189186.0,15018.0,113201.0,7533.0,11171.0,158528.0,114199.0,13381.0,402981.0,6843.0,2095.0,34585.0,92199.0,4962.0,6491.0,252816.0,1293.0,9086.0,5487.0,997729.0,16518.0,1684.0,80622.0,1001.0,2764.0,3805.0,240.0,562118.0,26837.0,9366.0,6973.0,20530.0,10955.0,192947.0,32398.0,66768.0,46357.0,7378.0,350620.0,230911.0,14053.0,143625.0,32370.0,5325.0,26541.0,11242.0,729.0,772.0,207.0,153107.0,128545.0,10220.0,15071.0,15496.0,13802.0,2064001.0,4926.0,40050.0,4995.0,5281.0,4671.0,742.0,15933.0,10927.0,17747.0,223585.0,2351.0,65244.0,1084.0,908778.0,5969.0,472264.0,26446.0,17234.0,11551.0,8367.0,4088.0,36575.0,10781.0,11471.0,245.0,32712.0,949.0,5508.0,26948.0
421494,"Viognier, Dunnigan Hills, CA 2004",Viognier,Viognier,21072.0,4239.0,113118.0,6389.0,607.0,2955.0,3345.0,7648.0,200589.0,2284.0,75910.0,7933.0,2518.0,9516.0,25456.0,3034.0,6559.0,9873.0,5350.0,939.0,3593.0,539.0,21534.0,177375.0,23974.0,107644.0,2668.0,10416.0,136296.0,108448.0,13449.0,379974.0,7452.0,2094.0,27137.0,82926.0,4711.0,5506.0,252732.0,1020.0,8649.0,6100.0,969307.0,5176.0,3311.0,79296.0,902.0,2898.0,3561.0,255.0,591893.0,30256.0,9004.0,7837.0,20117.0,9492.0,242745.0,5661.0,68094.0,44020.0,6600.0,342540.0,91993.0,12008.0,159227.0,34678.0,5125.0,25154.0,10874.0,545.0,1901.0,304.0,129981.0,120033.0,13346.0,22518.0,14444.0,12911.0,2277252.0,4713.0,37078.0,4959.0,4797.0,5326.0,690.0,16444.0,9812.0,19090.0,221632.0,2372.0,70268.0,1638.0,925862.0,4783.0,450735.0,26188.0,15547.0,13320.0,7904.0,3559.0,31896.0,8899.0,9768.0,269.0,34731.0,833.0,5178.0,24976.0
421499,"Viognier, Napa, CA 2004",Viognier,Viognier,9157.0,1573.0,104713.0,6663.0,943.0,1534.0,4743.0,11907.0,76363.0,1644.0,86411.0,4142.0,2070.0,34783.0,26341.0,2436.0,3596.0,5889.0,9038.0,730.0,4845.0,542.0,17285.0,186156.0,12904.0,45922.0,522.0,11191.0,85021.0,228599.0,10487.0,414135.0,2463.0,1205.0,20911.0,119997.0,3545.0,1497.0,557702.0,776.0,6956.0,5543.0,772752.0,4148.0,1407.0,64456.0,562.0,2948.0,3399.0,570.0,396475.0,7963.0,6191.0,4615.0,11312.0,8076.0,170800.0,7500.0,46385.0,29826.0,2996.0,346047.0,256985.0,6167.0,61073.0,8393.0,2951.0,13771.0,14673.0,902.0,1103.0,244.0,93654.0,215644.0,11239.0,17185.0,11834.0,10609.0,1933074.0,517.0,21065.0,853.0,4180.0,5511.0,547.0,9019.0,17861.0,12903.0,93003.0,985.0,83571.0,6403.0,1165536.0,5430.0,505043.0,20615.0,8778.0,4872.0,6587.0,504.0,21388.0,12620.0,2719.0,72.0,20312.0,746.0,3207.0,22878.0
421503,"Viognier, Napa, CA 2004",Viognier,Viognier,12483.0,1463.0,95385.0,6134.0,549.0,1571.0,3980.0,9330.0,73217.0,2397.0,94240.0,1563.0,1501.0,38815.0,24017.0,2828.0,5428.0,5171.0,1199.0,766.0,3007.0,412.0,15533.0,186336.0,8717.0,49995.0,469.0,10581.0,83185.0,247297.0,10613.0,412294.0,2013.0,1027.0,27819.0,134180.0,3126.0,1562.0,621590.0,744.0,6705.0,5067.0,655426.0,9128.0,1615.0,60480.0,546.0,2778.0,2908.0,430.0,438197.0,6010.0,5230.0,4338.0,10356.0,8060.0,209447.0,6386.0,41988.0,28738.0,3104.0,433523.0,64943.0,6032.0,61131.0,6905.0,2910.0,15673.0,12787.0,1003.0,624.0,169.0,100559.0,192842.0,7593.0,10919.0,10560.0,9457.0,1865560.0,2116.0,21714.0,789.0,4098.0,5537.0,281.0,7820.0,16946.0,10326.0,107626.0,727.0,55121.0,4985.0,1291069.0,28217.0,485929.0,20211.0,8377.0,6086.0,5021.0,624.0,19793.0,2449.0,2440.0,136.0,19788.0,491.0,3075.0,22873.0
421507,"Viognier, Napa, CA 2004",Viognier,Viognier,11861.0,4842.0,94267.0,6088.0,590.0,1406.0,3976.0,9922.0,73195.0,1980.0,83925.0,3750.0,2457.0,34488.0,26086.0,2458.0,4397.0,5438.0,6916.0,844.0,4301.0,436.0,16261.0,165866.0,10811.0,41476.0,414.0,11216.0,82824.0,222663.0,10357.0,377917.0,1813.0,1350.0,247044.0,114097.0,3290.0,1392.0,515893.0,666.0,7156.0,4083.0,918139.0,3642.0,1494.0,60534.0,606.0,2210.0,3670.0,593.0,378332.0,6841.0,5818.0,3788.0,11369.0,7259.0,177714.0,9583.0,41913.0,26619.0,2692.0,375051.0,113597.0,5817.0,53444.0,7575.0,3223.0,13731.0,12201.0,740.0,1285.0,441.0,96587.0,195057.0,13417.0,26574.0,9695.0,9969.0,1947791.0,627.0,20308.0,931.0,3802.0,5343.0,522.0,9476.0,15758.0,10749.0,83372.0,780.0,89408.0,5608.0,1206972.0,13798.0,480187.0,19263.0,7901.0,5165.0,4842.0,674.0,20714.0,8919.0,3436.0,222.0,19190.0,547.0,2923.0,21212.0
421511,"Viognier, Napa, CA 2004",Viognier,Viognier,9216.0,1618.0,101264.0,6360.0,646.0,1706.0,4385.0,9004.0,73816.0,1723.0,85312.0,2008.0,1561.0,36505.0,25232.0,1298.0,5094.0,4591.0,1051.0,800.0,6294.0,374.0,14794.0,188404.0,9985.0,45308.0,501.0,11274.0,93032.0,251212.0,10430.0,406197.0,2224.0,1543.0,26782.0,131835.0,3242.0,1665.0,605458.0,744.0,6281.0,3961.0,962222.0,8397.0,1235.0,58514.0,600.0,2311.0,3736.0,392.0,443454.0,7307.0,5862.0,3953.0,9314.0,7889.0,225700.0,8049.0,39812.0,27576.0,2933.0,424363.0,59631.0,6208.0,73406.0,8982.0,3217.0,15990.0,13647.0,933.0,482.0,144.0,98825.0,188473.0,7771.0,10321.0,9603.0,8907.0,1706855.0,2280.0,20395.0,916.0,4122.0,5522.0,256.0,3291.0,17191.0,10668.0,95290.0,819.0,53822.0,5299.0,1223475.0,4861.0,484617.0,18890.0,7873.0,3714.0,5104.0,461.0,19614.0,514.0,2622.0,140.0,18245.0,597.0,3162.0,22748.0
421515,"Viognier, Napa, CA 2004",Viognier,Viognier,11331.0,1305.0,94999.0,6206.0,827.0,1384.0,2790.0,9754.0,84713.0,2075.0,78360.0,3850.0,1680.0,36985.0,24117.0,2581.0,4417.0,6002.0,7349.0,928.0,935.0,444.0,16690.0,158959.0,9753.0,42334.0,479.0,11907.0,77919.0,199709.0,10372.0,382811.0,3096.0,1182.0,433200.0,108043.0,3593.0,1326.0,494839.0,802.0,7351.0,4813.0,1444940.0,3800.0,2433.0,64036.0,548.0,2113.0,3522.0,426.0,379285.0,9188.0,5492.0,5848.0,13279.0,7247.0,156153.0,22086.0,38208.0,27221.0,2916.0,294435.0,157427.0,8867.0,57877.0,11421.0,3405.0,12834.0,13011.0,677.0,474.0,197.0,60291.0,193906.0,6480.0,19403.0,9207.0,9175.0,1547583.0,413.0,19767.0,808.0,3897.0,5002.0,429.0,13114.0,16240.0,14463.0,87610.0,809.0,52347.0,6008.0,1172730.0,4594.0,443614.0,19665.0,8052.0,3966.0,6510.0,613.0,17754.0,9544.0,5519.0,88.0,26095.0,701.0,2504.0,20616.0
421519,"Viognier, Napa, CA 2004",Viognier,Viognier,10779.0,3065.0,99510.0,6194.0,816.0,1778.0,4411.0,10637.0,76214.0,1777.0,86637.0,2367.0,840.0,39599.0,26376.0,3308.0,4165.0,5506.0,5835.0,797.0,2656.0,451.0,16917.0,175612.0,12874.0,42521.0,308.0,10976.0,81087.0,228494.0,12031.0,378839.0,1596.0,1201.0,227402.0,122265.0,3219.0,1478.0,526340.0,632.0,6942.0,5365.0,768000.0,8408.0,1428.0,62548.0,673.0,1260.0,3407.0,535.0,382674.0,6490.0,6562.0,3046.0,11398.0,7410.0,181481.0,9057.0,43603.0,27423.0,2829.0,399255.0,91796.0,5013.0,55908.0,6318.0,3328.0,14153.0,12632.0,708.0,2043.0,371.0,100115.0,205610.0,15242.0,27632.0,9846.0,11338.0,2013940.0,638.0,20362.0,829.0,4174.0,5361.0,280.0,6929.0,16726.0,8842.0,85654.0,791.0,93812.0,5896.0,1163964.0,20480.0,479796.0,19463.0,8220.0,4822.0,3581.0,512.0,19601.0,8257.0,2741.0,187.0,19534.0,560.0,3130.0,22836.0
